samplerate,acc_gx,acc_gy,acc_gz,gyro_pdsx,gyro_dpsy,gyro_dpsz
50,-0.8918457,-0.1777344,0.2509766,-2.015267,2.961832,-0.4732825
50,-0.8912354,-0.177002,0.2509766,-2.259542,3.312977,-0.2137405
50,-0.8879395,-0.1781006,0.2196045,-2.427481,3.145038,-0.01526718
50,-0.885498,-0.1804199,0.2196045,-2.412214,2.931298,-0.4732825
50,-0.8861084,-0.182251,0.2196045,-2.198473,2.732824,-0.7328244
50,-0.8861084,-0.1820068,0.2196045,-1.770992,2.580153,-0.7633588
50,-0.8848877,-0.1778564,0.2196045,-0.7480916,2.580153,-0.610687
50,-0.8835449,-0.1779785,0.2196045,-0.4427481,2.59542,-0.1679389
50,-0.8879395,-0.1774902,0.2196045,0.1984733,3.374046,0.5648855
50,-0.8902588,-0.1776123,0.2509766,0.7938932,3.587786,1.114504
50,-0.894165,-0.1737061,0.2509766,1.984733,3.877863,1.847328
50,-0.8936768,-0.1705322,0.2196045,2.946565,3.664122,2.610687
50,-0.8919678,-0.1643066,0.2196045,4,3.770992,3.419847
50,-0.8922119,-0.1602783,0.2196045,4.473282,4.21374,3.877863
50,-0.892334,-0.1544189,0.2196045,5.29771,4.732824,4.48855
50,-0.8931885,-0.1494141,0.2196045,6.015267,5.038168,4.870229
50,-0.8942871,-0.1428223,0.2196045,6.931298,5.068702,5.175572
50,-0.8935547,-0.1390381,0.2196045,7.312977,4.992366,5.038168
50,-0.8969727,-0.1339111,0.2196045,7.465649,5.343512,4.412214
50,-0.9012451,-0.1304932,0.2196045,7.572519,5.51145,4
50,-0.9039307,-0.1256104,0.2196045,7.770992,5.480916,3.587786
50,-0.9078369,-0.1231689,0.2196045,7.725191,5.633588,3.389313
50,-0.9106445,-0.1212158,0.2196045,7.587786,5.343512,3.007634
50,-0.9121094,-0.1220703,0.2196045,7.572519,4.870229,2.671756
50,-0.9110107,-0.123291,0.2196045,7.648855,3.648855,1.603053
50,-0.9080811,-0.1239014,0.2196045,7.725191,2.687023,0.6412213
50,-0.9058838,-0.1241455,0.2196045,7.603054,1.694656,-0.7938932
50,-0.9039307,-0.1251221,0.2196045,7.343512,1.206107,-1.618321
50,-0.9007568,-0.1246338,0.2509766,7.160306,0.6412213,-2.458015
50,-0.8996582,-0.1242676,0.2509766,7.129771,0.519084,-2.732824
50,-0.9025879,-0.12146,0.2509766,7.022901,0.8244275,-2.732824
50,-0.8968506,-0.1186523,0.2509766,6.564886,0.3816794,-2.167939
50,-0.8887939,-0.1186523,0.2509766,5.480916,-0.3206107,-2.229008
50,-0.8927002,-0.1263428,0.2509766,4.366412,-0.03053435,-3.068702
50,-0.8951416,-0.1297607,0.2823486,3.007634,-0.7175573,-3.496183
50,-0.90979,-0.1411133,0.2823486,1.160305,-0.2748092,-4.122138
50,-0.9108887,-0.1405029,0.2823486,0.5496183,-1.129771,-3.374046
50,-0.8778076,-0.1308594,0.2823486,0,-2.717557,-2.167939
50,-0.8480225,-0.1291504,0.2823486,-2.503817,-4.427481,-2.244275
50,-0.840332,-0.1538086,0.3137207,-6,-4.687023,-4.503817
50,-0.8474121,-0.1779785,0.3450928,-6.198473,-6.80916,-5.89313
50,-0.8505859,-0.2036133,0.3764648,-3.40458,-11.54198,-7.51145
50,-0.8496094,-0.2126465,0.3764648,-0.2137405,-14.58015,-8.137404
50,-0.8377686,-0.2139893,0.4078369,4.396946,-18.12214,-8.427481
50,-0.8311768,-0.2122803,0.4078369,7.19084,-18.67175,-8.564885
50,-0.8165283,-0.2061768,0.4078369,11.26718,-17.54198,-7.725191
50,-0.809082,-0.2032471,0.4078369,13.32824,-15.0229,-7.099236
50,-0.8083496,-0.2080078,0.4078369,16.99237,-9.435115,-5.221374
50,-0.8116455,-0.2115479,0.4078369,20.25954,-5.08397,-3.770992
50,-0.7974854,-0.1972656,0.3764648,27.29771,0.8244275,-1.206107
50,-0.7830811,-0.1784668,0.3450928,30.51908,5.679389,-0.2442748
50,-0.7811279,-0.1588135,0.3137207,31.20611,13.93893,-0.1526718
50,-0.7878418,-0.1535645,0.2823486,30.16794,18.70229,-0.7480916
50,-0.7923584,-0.1508789,0.2823486,27.32825,22.56489,-2.183206
50,-0.7954102,-0.1540527,0.2509766,25.23664,23.92366,-3.954198
50,-0.8039551,-0.1586914,0.2509766,23.29771,23.43511,-6.671756
50,-0.8007813,-0.1582031,0.2509766,21.9084,22.16794,-8.625955
50,-0.7919922,-0.1583252,0.2196045,18.64122,21.48092,-11.75572
50,-0.788208,-0.1619873,0.1882324,16.06107,21.54198,-13.25191
50,-0.8035889,-0.1887207,0.2196045,12.74809,22.64122,-15.26718
50,-0.8183594,-0.204834,0.2196045,13.92366,21.83206,-15.72519
50,-0.8526611,-0.2246094,0.2196045,15.92366,22.01527,-17.34351
50,-0.90271,-0.2403564,0.2196045,16.73282,23.31298,-18.0916
50,-0.9766846,-0.2521973,0.2196045,17.66412,23.63359,-16.77863
50,-1.010254,-0.2602539,0.2196045,16.24427,23.29771,-14.91603
50,-1.0896,-0.2956543,0.2196045,13.05344,25.63359,-11.67939
50,-1.134766,-0.322876,0.2509766,13.41985,25.58779,-7.877862
50,-1.165405,-0.3461914,0.2509766,15.23664,24.18321,-2.351145
50,-1.157471,-0.3480225,0.2196045,16.48855,22.32061,0.5954198
50,-1.109741,-0.3387451,0.2196045,16.77863,18.9771,1.679389
50,-1.062988,-0.3209229,0.2196045,16.90076,16.01527,0.6259542
50,-0.9785156,-0.2875977,0.1882324,16.07634,11.03817,-1.770992
50,-0.9173584,-0.2635498,0.1568604,15.16031,7.389313,-3.099237
50,-0.8186035,-0.2305908,0.1568604,13.22137,1.816794,-4.229008
50,-0.7567139,-0.215332,0.1568604,11.52672,-1.633588,-5.114504
50,-0.6726074,-0.1970215,0.1254883,9.343512,-6.671756,-6.763359
50,-0.5626221,-0.1713867,0.1254883,5.374046,-13.37405,-11.20611
50,-0.5437012,-0.1750488,0.1254883,2.381679,-14.9771,-14
50,-0.5532227,-0.1936035,0.1568604,-0.7480916,-17.0687,-18.61069
50,-0.5686035,-0.2077637,0.1568604,-1.709924,-19.1145,-21.54198
50,-0.6622314,-0.2546387,0.1882324,-5.89313,-16.76336,-27.46565
50,-0.8016357,-0.3164063,0.2509766,-9.664123,-11.49618,-31.31298
50,-1.0177,-0.3913574,0.3450928,-7.068702,-11.37405,-29.78626
50,-1.128296,-0.4230957,0.3450928,-6.91603,-13.72519,-24.13741
50,-1.319946,-0.5113525,0.439209,-14.41221,-7.29771,-20.87023
50,-1.276367,-0.4974365,0.4078369,-12.07634,-17.86259,-13.78626
50,-1.007813,-0.324707,0.2196045,-12.65649,-24.77863,-8.641221
50,-0.888916,-0.2264404,0.1882324,-23.92366,-14.15267,-9.923664
50,-0.8770752,-0.1904297,0.2509766,-39.17557,1.389313,-7.78626
50,-0.918457,-0.2324219,0.3450928,-43.84733,2.916031,-4.610687
50,-0.9759521,-0.2791748,0.4078369,-38.30534,-0.1984733,-0.5801527
50,-1.02417,-0.2852783,0.4078369,-34.03053,-1.40458,1.435115
50,-1.064697,-0.2962646,0.439209,-30.50382,-5.954198,7.19084
50,-1.042847,-0.2845459,0.4078369,-28.38168,-10.01527,12.42748
50,-0.9763184,-0.2718506,0.4078369,-26.61069,-12.56489,18.8855
50,-0.913208,-0.2561035,0.3764648,-24.61069,-13.43511,22.24427
50,-0.8198242,-0.2528076,0.3764648,-24.19847,-12.82443,23.26718
50,-0.7572021,-0.2593994,0.3764648,-23.35878,-13.48092,20.99237
50,-0.6557617,-0.2597656,0.3450928,-21.16031,-16.96183,13.35878
50,-0.5936279,-0.255127,0.3450928,-20.06107,-19.60305,5.526718
50,-0.5274658,-0.2214355,0.3137207,-16.24427,-23.22137,-6.183206
50,-0.4880371,-0.1915283,0.3137207,-14.77863,-25.93893,-12.44275
50,-0.4351807,-0.1456299,0.2823486,-14.39695,-28.36641,-19.08397
50,-0.428833,-0.1322021,0.2509766,-15.9542,-27.03817,-22.90076
50,-0.4293213,-0.1236572,0.2509766,-17.32825,-25.31298,-25.87786
50,-0.4570313,-0.1530762,0.2823486,-20.13741,-21.25191,-28.0916
50,-0.5797119,-0.2027588,0.3137207,-24,-10.94656,-30.22901
50,-0.7392578,-0.2762451,0.3764648,-24.06107,-4.687023,-28.45802
50,-0.8255615,-0.3178711,0.4078369,-22.76336,0.6259542,-25.38931
50,-0.9075928,-0.3607178,0.5019531,-21.9084,3.740458,-23.31298
50,-1.064697,-0.4576416,0.5333252,-18.44275,5.526718,-21.77099
50,-1.119751,-0.503418,0.4705811,-13.34351,-0.8396947,-20.91603
50,-1.056641,-0.489624,0.3450928,-3.496183,-13.66412,-20.22901
50,-0.9932861,-0.4624023,0.2196045,-1.78626,-13.66412,-21.87786
50,-1.050171,-0.524292,0.1254883,-6.045802,-3.709924,-23.52672
50,-1.13501,-0.6030273,0.1254883,-7.862596,2.061069,-23.67939
50,-1.214722,-0.6928711,0.1568604,-2.59542,3.78626,-20.06107
50,-1.206543,-0.7050781,0.1254883,1.251908,3.801527,-18.06107
50,-1.155396,-0.6864014,0.09411621,1.51145,5.862596,-18.41221
50,-1.103516,-0.6564941,0.1254883,1.450382,6.396946,-18.8855
50,-0.9954834,-0.590332,0.1568604,5.480916,1.832061,-17.17557
50,-0.7337646,-0.4377441,0.1568604,15.81679,-12.22901,-11.09924
50,-0.3594971,-0.279541,0.1882324,18.90076,-24.0916,-12.39695
50,-0.3303223,-0.262207,0.1882324,18.24427,-24.41221,-12.42748
50,-0.3128662,-0.2498779,0.1568604,18.87023,-22.33588,-13.23664
50,-0.3157959,-0.2454834,0.1568604,12.25954,-20.21374,-13.84733
50,-0.3867188,-0.2857666,0.1882324,4.519084,-13.32824,-15.29771
50,-0.5012207,-0.3668213,0.2823486,-0.8549618,-6.946565,-16.22901
50,-0.6989746,-0.4920654,0.3764648,-1.984733,-3.770992,-15.58779
50,-0.7969971,-0.5601807,0.439209,-1.816794,-6.305344,-14.80916
50,-0.9211426,-0.645874,0.4705811,-6.412214,-7.480916,-17.08397
50,-0.998291,-0.697998,0.5019531,-10.90076,-8.137404,-19.55725
50,-1.092407,-0.7513428,0.5646973,-18.07634,-8.59542,-24.47328
50,-1.095703,-0.7285156,0.5960693,-16.83969,-12.38168,-24.19847
50,-0.9562988,-0.5755615,0.5646973,-10.38168,-18.32061,-17.23664
50,-0.8929443,-0.5250244,0.5960693,-11.1145,-14.67176,-12.64122
50,-0.8804932,-0.5152588,0.6274414,-6.717557,-11.9542,-5.053435
50,-0.8607178,-0.5134277,0.6588135,-2.793893,-13.43511,-1.450382
50,-0.829834,-0.5090332,0.6588135,3.633588,-12.61069,0.6412213
50,-0.8238525,-0.5046387,0.6901855,7.389313,-11.20611,-0.09160306
50,-0.7906494,-0.4819336,0.6588135,15.9542,-12.41221,-0.1526718
50,-0.7371826,-0.4613037,0.5960693,21.84733,-12.62595,1.923664
50,-0.6196289,-0.3857422,0.5333252,29.32825,-10.07634,5.251908
50,-0.5380859,-0.3392334,0.439209,32.82443,-4.961832,6.793893
50,-0.3658447,-0.2926025,0.3450928,25.9084,25.46565,-16.82443
50,-0.3719482,-0.2851563,0.3450928,23.74046,25.09924,-22.32061
50,-0.4030762,-0.2774658,0.3450928,19.23664,24.36641,-28.19847
50,-0.432373,-0.2730713,0.3450928,16.8855,23.0687,-29.0687
50,-0.4624023,-0.2606201,0.3450928,13.72519,20.39695,-26.0916
50,-0.501709,-0.2740479,0.4078369,9.145039,20.82443,-23.23664
50,-0.6173096,-0.3422852,0.439209,3.114504,22.8855,-18.18321
50,-0.6962891,-0.3944092,0.5019531,-0.5648855,22.12214,-14.53435
50,-0.817627,-0.4907227,0.5646973,-4.183206,18.53435,-10.32061
50,-0.9144287,-0.5689697,0.6274414,-6.244275,15.22137,-9.419847
50,-1.031372,-0.6665039,0.6588135,-4.625954,4.732824,-7.114504
50,-1.047485,-0.6829834,0.6274414,0.3053435,-5.282443,-3.603053
50,-0.9367676,-0.611084,0.4705811,4.59542,-15.19084,2.931298
50,-0.9382324,-0.6240234,0.4078369,-2.778626,-7.908397,2.198473
50,-1.014771,-0.6790771,0.3450928,-13.67939,4.305344,2.687023
50,-1.034912,-0.703125,0.3137207,-20.53435,9.877863,5.496183
50,-1.019897,-0.7021484,0.2509766,-28.70229,19.22137,10.68702
50,-1.011719,-0.6938477,0.2509766,-30.87023,24.21374,15.05344
50,-0.9393311,-0.6405029,0.2196045,-26.29008,22.58015,24.22901
50,-0.8592529,-0.5849609,0.2196045,-20.99237,19.05343,30.16794
50,-0.7250977,-0.4919434,0.1882324,-12.42748,13.92366,36.9771
50,-0.6397705,-0.4082031,0.1568604,-7.312977,11.0229,40.19847
50,-0.5418701,-0.3702393,0.1568604,-2.778626,8.320611,41.0229
50,-0.5032959,-0.3453369,0.1882324,-1.145038,6.198473,39.1145
50,-0.4683838,-0.3187256,0.1882324,1.694656,0.8854962,34.30534
50,-0.4432373,-0.3023682,0.1882324,3.374046,-3.679389,30.87023
50,-0.4068604,-0.2792969,0.1568604,4.183206,-8.992367,24.94657
50,-0.3962402,-0.27771,0.1568604,3.038168,-10.51908,20.0916
50,-0.4187012,-0.2941895,0.1882324,0.03053435,-10.61069,12.53435
50,-0.4619141,-0.3358154,0.1882324,-2.549618,-10.96183,5.175572
50,-0.5496826,-0.4185791,0.2509766,-7.343512,-8.625955,-3.832061
50,-0.6552734,-0.5114746,0.3137207,-10.07634,-5.908397,-11.49618
50,-0.8259277,-0.6121826,0.3764648,-9.328244,-6.351145,-22.68702
50,-0.8709717,-0.6228027,0.3764648,-8.351145,-10.0916,-25.72519
50,-0.9487305,-0.6761475,0.4078369,-16.19847,-6.320611,-31.64886
50,-1.006592,-0.7032471,0.4705811,-17.66412,-5.328244,-34.21374
50,-0.9995117,-0.6516113,0.5019531,-15.60305,-5.08397,-34.15267
50,-0.9747314,-0.5941162,0.5019531,-12.50382,-3.328244,-30.80916
50,-0.9698486,-0.545166,0.5646973,-8.717557,3.29771,-23.38931
50,-1.03125,-0.5640869,0.6274414,-4.580153,8.091603,-17.41985
50,-1.083008,-0.5550537,0.6588135,5.78626,9.007633,-4.748092
50,-1.080566,-0.4610596,0.6274414,18.06107,12.9313,19.63359
50,-1.025146,-0.4020996,0.5646973,20.41221,11.52672,30.61069
50,-0.4104004,-0.1749268,0.2196045,9.862596,8.335877,37.58779
50,-0.355957,-0.1678467,0.1882324,2.167939,9.709924,25.78626
50,-0.3374023,-0.1971436,0.1882324,-3.068702,10.35114,16.65649
50,-0.3514404,-0.2241211,0.1882324,-8.076336,9.083969,2.854962
50,-0.3757324,-0.248291,0.2196045,-9.419847,6.625954,-8.549619
50,-0.3986816,-0.2647705,0.2196045,-11.48092,4.137404,-14.19847
50,-0.4454346,-0.2827148,0.2509766,-11.64886,2.931298,-15.8626
50,-0.4969482,-0.3062744,0.2823486,-11.98473,2.21374,-22.10687
50,-0.6160889,-0.3773193,0.3450928,-12.54962,2.961832,-23.05343
50,-0.7053223,-0.4289551,0.4078369,-10.59542,3.877863,-22.41221
50,-0.8308105,-0.5084229,0.4705811,-8.427481,5.29771,-21.43511
50,-0.9112549,-0.5543213,0.5019531,-4.061069,5.526718,-21.0687
50,-1.077271,-0.6376953,0.5960693,0.3664122,8.106871,-21.49618
50,-1.157837,-0.6693115,0.5960693,8.473283,2.931298,-16.85496
50,-1.106567,-0.6298828,0.5019531,20.12214,-9.160305,-8.290076
50,-0.9969482,-0.5528564,0.3764648,25.35878,-13.81679,-3.923664
50,-0.9151611,-0.5096436,0.2509766,16.15267,-3.419847,-4.961832
50,-0.9962158,-0.5668945,0.2823486,6.80916,8.656488,-7.496183
50,-1.123169,-0.6320801,0.2823486,2.045802,15.8626,-6.351145
50,-1.13501,-0.6351318,0.2823486,1.129771,16.01527,-1.572519
50,-1.093506,-0.5977783,0.2509766,2.396947,16.50382,8
50,-1.000732,-0.5394287,0.2196045,5.709924,14.18321,15.72519
50,-0.7982178,-0.4310303,0.1882324,10.71756,10.47328,24.0916
50,-0.6665039,-0.3659668,0.1254883,12.90076,9.083969,26.12214
50,-0.5096436,-0.293457,0.1254883,12.79389,7.694656,23.49618
50,-0.4432373,-0.2572021,0.1254883,11.28244,6.183206,19.45038
50,-0.3771973,-0.2460938,0.1254883,9.053435,2.167939,12.25954
50,-0.3616943,-0.2574463,0.1568604,7.099236,-0.4274809,7.328244
50,-0.3721924,-0.2757568,0.1882324,5.114504,-5.175572,0.3358779
50,-0.3830566,-0.3028564,0.1882324,4.687023,-9.129771,-3.969466
50,-0.3743896,-0.300415,0.1882324,5.343512,-15.48092,-9.358779
50,-0.9519043,-0.7058105,0.5333252,-5.221374,-17.74046,-33.41985
50,-1.031738,-0.7305908,0.5960693,-10.74809,-16.87023,-41.19084
50,-1.03894,-0.6824951,0.5646973,-13.87786,-23.40458,-43.28244
50,-1.059448,-0.6417236,0.5960693,-19.55725,-20.27481,-42.80916
50,-1.023804,-0.5266113,0.5646973,-21.84733,-20.80916,-31.96947
50,-1.031982,-0.5054932,0.5960693,-27.86259,-17.70992,-22.21374
50,-1.029907,-0.5235596,0.5960693,-33.48092,-15.58779,-6.335878
50,-1.018188,-0.5418701,0.5960693,-34.48855,-14.87023,2.564885
50,-0.9719238,-0.5310059,0.5646973,-34.56488,-12.50382,11.40458
50,-0.9508057,-0.5098877,0.5333252,-33.84733,-10.64122,17.25191
50,-0.8774414,-0.4592285,0.4705811,-30.62595,-12.83969,28.82443
50,-0.7823486,-0.411377,0.3764648,-28.06107,-16.32061,36.62595
50,-0.623291,-0.3269043,0.3137207,-26,-17.98473,44.73283
50,-0.480835,-0.2648926,0.2509766,-26.64122,-16.87023,48.70229
50,-0.4111328,-0.2463379,0.1882324,-30.19847,-13.05344,48.19847
50,-0.357666,-0.2738037,0.1882324,-34.76336,-8.488549,42.38168
50,-0.3549805,-0.3093262,0.2196045,-35.74046,-6.519084,35.31298
50,-0.3591309,-0.3525391,0.2196045,-32.45802,-6.580153,22.44275
50,-0.3564453,-0.3569336,0.2196045,-28.76336,-6.59542,14
50,-0.3728027,-0.3538818,0.2509766,-23.74046,-4.21374,2.458015
50,-0.4194336,-0.3530273,0.2823486,-17.19084,-0.9770992,-5.374046
50,-0.453125,-0.3510742,0.3137207,-11.61832,1.51145,-6.870229
50,-0.5421143,-0.3735352,0.3137207,-6.59542,8.183207,-7.480916
50,-0.6494141,-0.423584,0.3450928,-4.473282,12.79389,-4.656488
50,-0.7003174,-0.4567871,0.3764648,-0.8854962,12.9771,-2.442748
50,-0.7613525,-0.5361328,0.4078369,0.7480916,12.10687,-4.900764
50,-0.8594971,-0.6304932,0.4705811,1.709924,12.99237,-11.8626
50,-1.003662,-0.7186279,0.5019531,7.343512,6.519084,-21.29771
50,-1.016113,-0.7004395,0.439209,21.22137,-1.236641,-23.75573
50,-1.018066,-0.6210938,0.2823486,27.43511,-0.519084,-24.18321
50,-1.082886,-0.6386719,0.2196045,21.45038,7.938931,-22.99237
50,-1.210449,-0.7004395,0.2196045,16.16794,19.34351,-15.57252
50,-1.241821,-0.7332764,0.2196045,10.67176,21.74046,-8.259542
50,-1.199341,-0.7390137,0.2196045,10.9771,22.01527,-3.541985
50,-1.15625,-0.7209473,0.2509766,15.61832,21.9084,3.51145
50,-1.046509,-0.6585693,0.2196045,20.35114,17.9542,6.152672
50,-0.9510498,-0.5987549,0.2196045,28.06107,15.28244,6.91603
50,-0.854248,-0.5123291,0.1882324,32.70229,13.20611,7.053435
50,-0.6943359,-0.4556885,0.1568604,40.10687,13.37405,5.648855
50,-0.6149902,-0.3951416,0.1568604,43.86259,15.45038,3.29771
50,-0.5286865,-0.355835,0.1568604,48.15267,18.50382,-1.007634
50,-0.4746094,-0.3044434,0.1254883,49.12977,19.20611,-3.816794
50,-0.4189453,-0.2806396,0.1254883,47.72519,21.00763,-8.274809
50,-0.3934326,-0.2674561,0.1254883,45.64885,20.85496,-10.70229
50,-0.3668213,-0.2628174,0.1254883,41.87786,19.28244,-14.24428
50,-0.3666992,-0.2753906,0.1254883,38.10687,18.18321,-16.03053
50,-0.3712158,-0.2835693,0.1254883,32.68702,15.78626,-18.62595
50,-0.3883057,-0.3321533,0.1568604,27.74046,15.83206,-20.13741
50,-0.5046387,-0.4080811,0.2196045,18.76336,19.38931,-22.85496
50,-0.6374512,-0.5480957,0.3137207,14.42748,21.60305,-25.60305
50,-0.80896,-0.6254883,0.3450928,12.45802,18.48855,-25.1145
50,-0.8491211,-0.6723633,0.3450928,12.56489,13.93893,-23.69466
50,-0.9327393,-0.7022705,0.3450928,7.770992,14.8855,-25.26718
50,-1.136353,-0.7950439,0.4705811,0.7022901,22.68702,-30.61069
50,-1.106567,-0.7244873,0.439209,5.816794,10.51908,-23.03817
50,-1.059448,-0.6525879,0.439209,2.320611,9.053435,-19.23664
50,-0.9825439,-0.5793457,0.439209,1.832061,1.862595,-10.1374
50,-0.9682617,-0.5509033,0.5019531,0.6870229,1.465649,-4.38168
50,-1.021851,-0.5621338,0.5333252,3.847328,1.267176,0.8549618
50,-1.035767,-0.5415039,0.5333252,11.96947,-4.59542,13.93893
50,-1.010864,-0.513916,0.5333252,16.56489,-5.480916,22.59542
50,-0.9210205,-0.4403076,0.5019531,22.68702,-3.984733,34.21374
50,-0.838501,-0.3931885,0.4705811,25.08397,-1.51145,40.13741
50,-0.6967773,-0.3131104,0.3764648,28.59542,4.687023,44.87023
50,-0.6074219,-0.2686768,0.3450928,29.43511,10.21374,45.1145
50,-0.5043945,-0.2296143,0.2823486,27.98473,18.70229,40
50,-0.4613037,-0.2218018,0.2823486,25.80153,23.20611,33.51145
50,-0.4405518,-0.227417,0.2509766,22.82443,26.91603,20.58015
50,-0.4388428,-0.2322998,0.2509766,21.84733,26.47328,11.45038
50,-0.4343262,-0.2202148,0.2509766,21.77099,22.85496,-0.7633588
50,-0.4335938,-0.2080078,0.2196045,21.0687,20.21374,-7.389313
50,-0.4562988,-0.2041016,0.2196045,17.9542,17.84733,-14.9313
50,-0.4858398,-0.208252,0.2509766,15.67939,16.48855,-17.93893
50,-0.5325928,-0.2174072,0.2509766,11.35878,13.32824,-19.22137
50,-0.5858154,-0.2687988,0.3137207,7.022901,13.17557,-19.63359
50,-0.7235107,-0.3200684,0.3450928,1.40458,13.84733,-18.82443
50,-0.8096924,-0.4063721,0.4078369,-1.099237,11.70992,-17.29771
50,-0.928833,-0.4667969,0.439209,-2.091603,6.534351,-14.9313
50,-0.9987793,-0.503418,0.5019531,-1.877863,4.076336,-15.55725
50,-1.165771,-0.6092529,0.5019531,2.335878,3.083969,-15.58779
50,-0.9482422,-0.4758301,0.2196045,2.21374,-3.572519,7.770992
50,-0.7800293,-0.4412842,0.1568604,-16.91603,5.343512,15.49618
50,-0.6951904,-0.399292,0.1568604,-13.09924,3.068702,17.72519
50,-0.5814209,-0.3393555,0.1254883,-8.122137,1.083969,19.45038
50,-0.5187988,-0.3070068,0.1254883,-6.167939,0.3816794,19.28244
50,-0.4594727,-0.2838135,0.1254883,-4.641222,0.2900763,17.52672
50,-0.4390869,-0.2783203,0.1568604,-3.358779,-1.099237,15.64886
50,-0.4263916,-0.2880859,0.1568604,-1.862595,-5.343512,11.12977
50,-0.4245605,-0.296875,0.1568604,-0.7938932,-9.129771,7.251908
50,-0.4245605,-0.305542,0.1568604,-0.2442748,-14.21374,0.8854962
50,-0.4438477,-0.3347168,0.1568604,-1.648855,-15.20611,-3.572519
50,-0.5498047,-0.3891602,0.1882324,-7.496183,-11.72519,-11.29771
50,-0.6713867,-0.5096436,0.2823486,-11.52672,-9.267176,-16.38168
50,-1.167114,-0.7232666,0.4078369,-22.83969,-5.40458,-20.21374
50,-1.176025,-0.7161865,0.4078369,-20.27481,-6.671756,-17.23664
50,-1.159668,-0.6706543,0.439209,-17.45038,-6.80916,-15.32824
50,-1.09375,-0.5797119,0.439209,-12.58015,-10.9771,-9.496183
50,-1.005859,-0.5062256,0.4705811,-10.01527,-15.0229,-5.740458
50,-0.9958496,-0.4886475,0.5019531,-8.717557,-10.94656,-4.152672
50,-1.045044,-0.505249,0.5333252,-4.641222,-10.33588,-1.221374
50,-1.038574,-0.4815674,0.5333252,2.396947,-13.32824,5.40458
50,-1.009766,-0.4382324,0.5019531,6.38168,-12.30534,10.71756
50,-0.9029541,-0.34375,0.439209,8.396947,-11.81679,21.20611
50,-0.7978516,-0.2861328,0.4078369,7.78626,-12.64122,28.01527
50,-0.6306152,-0.2189941,0.3137207,6.076336,-11.55725,34.41221
50,-0.5355225,-0.1887207,0.2823486,3.923664,-8.80916,35.09924
50,-0.4315186,-0.1654053,0.2196045,0.1374046,-3.725191,31.25191
50,-0.3861084,-0.1605225,0.2196045,-2.70229,-0.5343512,25.87786
50,-0.3658447,-0.1838379,0.2196045,-7.954198,2.473282,15.26718
50,-0.4007568,-0.2398682,0.2823486,-11.19084,2.656489,6.885496
50,-0.428833,-0.2595215,0.2823486,-10.8855,-0.6564885,-4.045802
50,-0.4468994,-0.2548828,0.2823486,-10.01527,-3.725191,-8.305344
50,-0.4737549,-0.2629395,0.2823486,-13.45038,-4.167939,-16.13741
50,-0.5461426,-0.300415,0.3137207,-16.68702,-3.160305,-19.40458
50,-0.5942383,-0.3295898,0.3137207,-19.0229,-3.129771,-19.78626
50,-0.6870117,-0.3913574,0.3450928,-20.38168,-0.7175573,-19.0229
50,-0.7674561,-0.4360352,0.4078369,-20.03053,2.259542,-17.32825
50,-0.8917236,-0.5118408,0.4705811,-18.54962,4.396946,-12.30534
50,-0.9748535,-0.5648193,0.5019531,-13.46565,5.236641,-9.40458
50,-1.071411,-0.5996094,0.5019531,-4.320611,3.389313,-4.335878
50,-1.136353,-0.6348877,0.5019531,-2.534351,3.083969,-2.763359
50,-1.110352,-0.6004639,0.439209,7.053435,-6.641222,3.129771
50,-1.023438,-0.5463867,0.3450928,8.870229,-9.221375,4.748092
50,-1.002563,-0.541748,0.2509766,3.022901,1.267176,2.290076
50,-1.088867,-0.5963135,0.2196045,-2.305344,15.72519,3.832061
50,-1.070068,-0.5827637,0.2196045,-0.7022901,18.27481,7.236641
50,-1.002075,-0.536499,0.1882324,3.603053,19.80153,13.05344
50,-0.9311523,-0.4921875,0.1882324,7.480916,17.67939,16.94657
50,-0.7869873,-0.4071045,0.1568604,12.07634,12.90076,20.74809
50,-0.6942139,-0.3566895,0.1254883,12.80916,10.8855,21.22137
50,-0.5839844,-0.3009033,0.1254883,12.15267,8.916031,19.89313
50,-0.527832,-0.2801514,0.1254883,11.19084,7.328244,17.67939
50,-0.473877,-0.2679443,0.1568604,9.893129,4.183206,12.80916
50,-0.4532471,-0.2807617,0.1882324,8.610687,0.3358779,6.625954
50,-0.4521484,-0.2918701,0.1882324,8.610687,-2.839695,2.183206
50,-0.4532471,-0.3048096,0.1882324,8.59542,-8.183207,-4.442748
50,-0.4403076,-0.3046875,0.1882324,8.229008,-11.83206,-8.671756
50,-0.4449463,-0.3151855,0.1568604,3.862595,-12.1374,-15.37405
50,-0.4857178,-0.3481445,0.1882324,-0.7938932,-9.419847,-19.63359
50,-0.6439209,-0.4588623,0.2509766,-7.832061,-1.709924,-26.91603
50,-0.7857666,-0.541626,0.3137207,-8.503817,2.351145,-29.64886
50,-0.9644775,-0.6268311,0.3764648,-4.59542,3.419847,-28.39695
50,-1.055908,-0.6595459,0.4078369,-2.977099,6.610687,-26.48855
50,-1.209351,-0.6824951,0.439209,0.2900763,11.66412,-18.42748
50,-1.168213,-0.6229248,0.4078369,0.9923664,9.358779,-9.770992
50,-1.1521,-0.5863037,0.439209,-3.557252,13.38931,0.3664122
50,-1.057495,-0.5388184,0.4078369,-5.251908,9.541985,4.442748
50,-0.9906006,-0.5439453,0.4705811,-7.374046,5.603054,1.51145
50,-0.9606934,-0.5229492,0.4705811,-4,1.51145,-2.167939
50,-0.9584961,-0.4981689,0.4705811,3.908397,-4.793893,-9.053435
50,-0.9182129,-0.4361572,0.439209,9.068703,-9.954199,-8.549619
50,-0.8769531,-0.3939209,0.4078369,13.45038,-13.72519,-3.557252
50,-0.7987061,-0.3193359,0.3764648,14.87023,-13.66412,1.603053
50,-0.7375488,-0.2751465,0.3137207,12.96183,-11.69466,10.74809
50,-0.6427002,-0.2362061,0.2823486,8.977099,-9.541985,16.13741
50,-0.5856934,-0.2233887,0.2509766,2.305344,-5.282443,21.0687
50,-0.5223389,-0.230957,0.2509766,-2.656489,-2.290076,20.65649
50,-0.5026855,-0.2468262,0.2509766,-8.931297,1.648855,17.77099
50,-0.5018311,-0.2857666,0.3137207,-11.83206,2.564885,13.19084
50,-0.5019531,-0.307373,0.3137207,-12.91603,0.8244275,4.977099
50,-0.489624,-0.3203125,0.3137207,-12.12214,-0.9312977,-1.099237
50,-0.487915,-0.322876,0.3137207,-10.91603,-0.8396947,-9.740458
50,-0.4764404,-0.326416,0.3137207,-10.19847,0.9923664,-14.12214
50,-0.5437012,-0.3391113,0.3137207,-9.450381,5.450382,-18.29008
50,-0.5645752,-0.3400879,0.3137207,-5.755725,6.580153,-16.99237
50,-0.5831299,-0.3592529,0.3450928,-4.717557,9.053435,-15.78626
50,-0.6617432,-0.4313965,0.3764648,-1.954198,12.99237,-15.16031
50,-0.7025146,-0.4785156,0.4078369,1.984733,11.84733,-15.38931
50,-0.7736816,-0.5460205,0.4078369,9.312977,11.70992,-20.45802
50,-0.8468018,-0.5675049,0.4078369,14.56489,13.12977,-25.81679
50,-1.020386,-0.645874,0.439209,16.76336,16.41221,-33.08397
50,-1.081787,-0.6583252,0.439209,23.96947,10.42748,-32.12214
50,-1.058228,-0.6242676,0.3450928,31.84733,2.473282,-27.77099
50,-1.070801,-0.635376,0.2823486,29.80153,4.458015,-26.18321
50,-1.131226,-0.6782227,0.2509766,24.13741,10.01527,-21.66412
50,-1.143311,-0.699585,0.2196045,19.86259,13.84733,-16.77863
50,-1.114624,-0.6837158,0.1882324,16.67175,21.45038,-7.709924
50,-1.071777,-0.6462402,0.1568604,15.16031,26.53435,-0.4885496
50,-0.9865723,-0.5814209,0.1568604,15.16031,31.66412,11.58779
50,-0.8986816,-0.4887695,0.1254883,16.91603,31.28244,19.58779
50,-0.7457275,-0.4239502,0.09411621,18.85496,28.25954,27.9542
50,-0.6461182,-0.3469238,0.09411621,18.48855,25.72519,30.77863
50,-0.5578613,-0.319458,0.09411621,16.32061,22.13741,30.80916
50,-0.508667,-0.3117676,0.1254883,14.68702,19.08397,28.68702
50,-0.494873,-0.3179932,0.1568604,13.9084,13.35878,23.16031
50,-0.4978027,-0.3465576,0.1882324,13.66412,9.19084,17.93893
50,-0.5010986,-0.3568115,0.1882324,15.46565,1.709924,10.0458
50,-0.4716797,-0.3330078,0.1568604,17.05343,-4.503817,5.251908
50,-0.4489746,-0.3134766,0.1254883,14.0916,-10.87023,-2.687023
50,-0.4145508,-0.305542,0.09411621,9.19084,-12,-7.694656
50,-0.4996338,-0.3383789,0.1568604,-1.022901,-8.335877,-14.56489
50,-0.6696777,-0.4504395,0.2509766,-7.603054,-4.305344,-17.74046
50,-0.7779541,-0.524292,0.3137207,-6.198473,-6.610687,-16.30534
50,-0.8643799,-0.5859375,0.3137207,-1.679389,-12.07634,-12.62595
50,-0.8986816,-0.6037598,0.3137207,-0.3206107,-12.35114,-11.29771
50,-0.9848633,-0.6478271,0.3450928,-5.679389,-4.778626,-12.90076
50,-1.06543,-0.6811523,0.3764648,-7.908397,-1.083969,-13.0229
50,-1.107666,-0.6777344,0.4078369,-10.0916,-0.6870229,-12.1374
50,-1.081299,-0.6314697,0.439209,-8.305344,-3.083969,-9.664123
50,-0.9790039,-0.5134277,0.4078369,-6.931298,-4.748092,-6.854962
50,-0.980957,-0.4693604,0.5019531,-6.396946,-0.6717557,-4.793893
50,-1.044556,-0.4510498,0.5333252,2.641221,0.01526718,4.503817
50,-1.065308,-0.4290771,0.5646973,9.694656,-4,14.29008
50,-1.035278,-0.3707275,0.5019531,16.9313,-8.702291,29.58779
50,-0.9868164,-0.3248291,0.4705811,15.55725,-8.778625,37.41985
50,-0.9069824,-0.2789307,0.4078369,7.007634,-6.458015,45.35878
50,-0.8424072,-0.2614746,0.3764648,0.8091603,-5.19084,48.03053
50,-0.7432861,-0.2414551,0.3450928,-6.564886,-4.351145,47.51145
50,-0.6846924,-0.2341309,0.3450928,-10.1374,-4.473282,44.38168
50,-0.6116943,-0.2321777,0.3137207,-13.34351,-6.045802,36.9313
50,-0.5646973,-0.2279053,0.3137207,-14.18321,-8.061069,30.59542
50,-0.5015869,-0.2218018,0.2823486,-14.68702,-10.22901,19.9542
50,-0.4685059,-0.2166748,0.2823486,-14.36641,-10.56489,12.99237
50,-0.4289551,-0.2019043,0.2509766,-12.80916,-10.62595,4
50,-0.4066162,-0.1900635,0.2509766,-11.67939,-10.44275,-0.9465649
50,-0.3868408,-0.175293,0.2196045,-10.9771,-8.946565,-6.900764
50,-0.3824463,-0.1654053,0.2196045,-11.17557,-7.603054,-9.587787
50,-0.3946533,-0.1641846,0.2196045,-14.29008,-4.442748,-12.76336
50,-0.4981689,-0.2381592,0.2823486,-21.48092,2.48855,-16.15267
50,-0.5974121,-0.3127441,0.3450928,-23.80153,4.854962,-17.60305
50,-0.762207,-0.4450684,0.439209,-25.29771,5.480916,-21.28244
50,-0.8540039,-0.5101318,0.4705811,-22.25954,3.007634,-23.9542
50,-1.030151,-0.6021729,0.5333252,-20.38168,6.412214,-30.0916
50,-1.205688,-0.6850586,0.5960693,-15.60305,8.137404,-30.45802
50,-1.326538,-0.7205811,0.5960693,-3.664122,-3.145038,-21.93893
50,-1.275513,-0.6662598,0.5019531,5.068702,-12.62595,-12.70229
50,-1.037598,-0.4995117,0.2823486,7.40458,-18.9771,-0.6259542
50,-0.9580078,-0.4880371,0.1882324,-4.931298,-8.488549,1.343511
50,-1.023071,-0.5517578,0.2196045,-20.61069,8.488549,3.618321
50,-1.03772,-0.6105957,0.2196045,-22.24427,9.847328,6.793893
50,-0.8621826,-0.4825439,0.1882324,-5.832061,6.839694,20.16794
50,-0.7608643,-0.4125977,0.1882324,-1.954198,3.480916,24.41221
50,-0.6931152,-0.3686523,0.1568604,0.2900763,0.3358779,26.61069
50,-0.5909424,-0.3137207,0.1568604,2.442748,-4.839694,27.80153
50,-0.5319824,-0.2924805,0.1568604,2.198473,-7.541985,26.51908
50,-0.4912109,-0.2984619,0.1882324,0.6870229,-9.282443,20.83969
50,-0.4771729,-0.3083496,0.1882324,1.541985,-11.51145,16.19847
50,-0.4274902,-0.302002,0.1882324,5.175572,-17.22137,8.473283
50,-0.3927002,-0.286499,0.1568604,6.70229,-19.70992,1.770992
50,-0.3980713,-0.2836914,0.1568604,4.442748,-17.66412,-10.35114
50,-0.4849854,-0.3265381,0.1882324,0.8854962,-12.0458,-18.15267
50,-0.6920166,-0.4351807,0.2823486,-1.480916,-5.78626,-24.10687
50,-0.8144531,-0.510376,0.3450928,-0.7938932,-5.938931,-24.13741
50,-0.9020996,-0.5834961,0.3764648,2.931298,-9.297709,-22.27481
50,-0.9187012,-0.62146,0.4078369,4.21374,-8.473283,-23.83206
50,-0.9815674,-0.6420898,0.439209,3.862595,-1.022901,-29.70992
50,-1.028076,-0.6308594,0.4705811,5.022901,2.778626,-32.22901
50,-1.047607,-0.6185303,0.5019531,3.969466,3.29771,-30.90076
50,-0.9569092,-0.520874,0.5019531,6.59542,-2.381679,-24.13741
50,-0.8807373,-0.4428711,0.4705811,5.877862,-2.351145,-20.32061
50,-0.9232178,-0.4208984,0.5019531,2.229008,3.374046,-13.72519
50,-0.9499512,-0.4257813,0.5333252,1.19084,0.03053435,-4.748092
50,-0.9458008,-0.4449463,0.5646973,2.366412,-4.244275,9.068703
50,-0.9274902,-0.442749,0.5646973,4.793893,-5.572519,16.25954
50,-0.8684082,-0.4165039,0.5333252,9.328244,-5.847328,23.32825
50,-0.8077393,-0.3868408,0.5019531,12.03053,-5.251908,25.54198
50,-0.7088623,-0.3305664,0.439209,14.9313,-2.854962,26.45802
50,-0.6369629,-0.2927246,0.3764648,15.12977,-1.145038,26.01527
50,-0.5489502,-0.2608643,0.3450928,13.55725,2.48855,23.14504
50,-0.5050049,-0.2547607,0.3450928,12.90076,4.366412,19.75573
50,-0.4509277,-0.258667,0.3137207,12.45802,4.900764,11.54198
50,-0.4300537,-0.2609863,0.3137207,12.21374,4.80916,4.396946
50,-0.4311523,-0.2657471,0.3137207,10.80916,4.366412,-7.419847
50,-0.4390869,-0.2680664,0.2823486,9.61832,2.931298,-14.12214
50,-0.4545898,-0.2773438,0.2823486,7.801527,1.267176,-21.63359
50,-0.4727783,-0.286499,0.2823486,7.770992,0.9007633,-24.39695
50,-0.494873,-0.2857666,0.2823486,6.992366,1.862595,-26.21374
50,-0.541748,-0.3125,0.3137207,4.229008,6.076336,-27.00763
50,-0.6674805,-0.3828125,0.3764648,1.816794,13.19084,-26.07634
50,-1.006836,-0.6118164,0.5333252,14.64122,21.72519,-20.27481
50,-1.076294,-0.604248,0.5019531,29.26718,18.90076,-14.53435
50,-1.090576,-0.5844727,0.4705811,35.43512,18.10687,-9.954199
50,-1.091675,-0.5279541,0.2823486,28.51908,36.07634,-0.1679389
50,-1.050293,-0.479248,0.2509766,24.27481,41.32824,4.061069
50,-1.015991,-0.4498291,0.2509766,22.53435,44.15267,7.725191
50,-0.9493408,-0.4088135,0.2509766,24.62595,42.0916,14.91603
50,-0.9020996,-0.3509521,0.2196045,27.80153,37.9084,19.08397
50,-0.7633057,-0.3049316,0.1882324,30.85496,31.61832,21.41985
50,-0.6973877,-0.2463379,0.1568604,29.9542,27.63359,19.72519
50,-0.6300049,-0.2329102,0.1882324,23.84733,22.73282,12.9771
50,-0.611084,-0.2324219,0.1882324,20.01527,19.14504,7.40458
50,-0.607666,-0.2353516,0.2196045,16.21374,11.78626,0.259542
50,-0.5889893,-0.2149658,0.1882324,15.20611,5.389313,-2.59542
50,-0.5280762,-0.19104,0.1568604,12.16794,-2.671756,-4.473282
50,-0.4743652,-0.1558838,0.1254883,8.198473,-5.587786,-4.687023
50,-0.4290771,-0.1618652,0.1254883,-1.541985,-4.244275,-5.984733
50,-0.4390869,-0.2277832,0.1568604,-7.053435,-1.389313,-7.358778
50,-0.5706787,-0.3204346,0.2196045,-12.22901,5.61832,-11.64886
50,-0.6844482,-0.4320068,0.3137207,-10.22901,6.503817,-13.16031
50,-0.8105469,-0.5404053,0.3450928,-2.381679,2.946565,-15.55725
50,-0.8557129,-0.5826416,0.3764648,5.145038,1.114504,-18.48855
50,-1.021973,-0.6911621,0.4078369,9.694656,8.427481,-28.65649
50,-1.100708,-0.7105713,0.439209,18,5.908397,-30.22901
50,-1.218506,-0.7678223,0.5019531,18.82443,13.77099,-37.57252
50,-1.19165,-0.6499023,0.439209,29.72519,6.687023,-33.12977
50,-0.9702148,-0.5072021,0.3764648,40.39695,-0.6870229,-24.96183
50,-0.9348145,-0.4359131,0.439209,36.94656,10.62595,-25.25191
50,-1.049194,-0.4188232,0.5019531,40.35115,17.14504,-13.17557
50,-1.015991,-0.395752,0.4705811,41.74046,7.29771,-1.099237
50,-0.9121094,-0.355835,0.439209,40.29008,2.259542,9.175572
50,-0.876709,-0.3232422,0.4078369,33.38931,6.534351,9.557252
50,-0.8579102,-0.2960205,0.4078369,24.73282,8.38168,11.31298
50,-0.8135986,-0.2687988,0.3450928,20.16794,6.427481,14.65649
50,-0.7370605,-0.1971436,0.3137207,12.8855,6.534351,20.83969
50,-0.6812744,-0.1749268,0.2509766,7.236641,8.076336,25.12977
50,-0.5947266,-0.1245117,0.2196045,-3.679389,11.16031,29.1145
50,-0.5506592,-0.09533691,0.2196045,-11.32824,13.26718,28.79389
50,-0.5169678,-0.1447754,0.2196045,-20.74809,13.87786,23.81679
50,-0.5136719,-0.177002,0.2196045,-26.24427,10.41221,15.32824
50,-0.5150146,-0.2020264,0.2196045,-28.64122,6.625954,8.931297
50,-0.5307617,-0.2390137,0.2196045,-29.87786,1.480916,-1.083969
50,-0.5388184,-0.2578125,0.2509766,-29.38931,-2.290076,-7.022901
50,-0.5616455,-0.2758789,0.2509766,-27.35878,-6.503817,-14.44275
50,-0.6088867,-0.3015137,0.2823486,-27.26718,-6.641222,-19.0687
50,-0.7381592,-0.371582,0.3450928,-24.91603,-7.038168,-21.86259
50,-0.8192139,-0.4232178,0.3764648,-21.55725,-9.267176,-21.28244
50,-0.9685059,-0.5445557,0.4705811,-15.74046,-11.9542,-20.50382
50,-1.017456,-0.5914307,0.4705811,-6.748092,-17.87786,-18.24427
50,-1.033081,-0.5985107,0.4705811,2.48855,-17.0687,-18.45802
50,-1.185059,-0.6787109,0.5646973,4.656488,-5.664122,-20.73282
50,-1.273438,-0.7202148,0.5646973,24.42748,-12.48855,-8.900764
50,-1.100098,-0.6341553,0.439209,39.34351,-24.32061,1.633588
50,-0.8604736,-0.5054932,0.2509766,39.60305,-14.82443,0.1984733
50,-0.8493652,-0.4990234,0.2196045,29.93893,4.21374,-6.961832
50,-0.902832,-0.5214844,0.1882324,20.50382,23.66412,-12.45802
50,-0.9058838,-0.5175781,0.1882324,17.12977,28.74809,-12.47328
50,-0.8660889,-0.4979248,0.1568604,14.94656,32.36641,-11.03817
50,-0.8447266,-0.4697266,0.1568604,14.33588,33.1145,-9.435115
50,-0.7851563,-0.4433594,0.1254883,15.66412,28.90076,-5.435114
50,-0.7315674,-0.4255371,0.1254883,17.48092,25.92366,-2.977099
50,-0.6622314,-0.3641357,0.1254883,20.36641,23.49618,0.09160306
50,-0.6223145,-0.3208008,0.1254883,22.58015,21.77099,2.290076
50,-0.5775146,-0.3029785,0.1254883,24.91603,19.78626,5.694656
50,-0.5595703,-0.288208,0.1254883,26.21374,18.94657,7.267176
50,-0.5422363,-0.2834473,0.1254883,26.8855,16.9313,8.229008
50,-0.5338135,-0.2875977,0.1568604,26.07634,13.46565,6.48855
50,-0.5236816,-0.28125,0.1568604,25.61832,9.770992,4.732824
50,-0.4962158,-0.2545166,0.1254883,25.0687,4.458015,1.389313
50,-0.5141602,-0.2589111,0.1568604,19.37405,5.068702,-2.580153
50,-0.6661377,-0.3430176,0.2196045,13.63359,10.33588,-9.175572
50,-0.7999268,-0.4127197,0.2823486,6.91603,9.419847,-11.05344
50,-0.9498291,-0.5114746,0.3450928,3.633588,1.206107,-11.9542
50,-1.016968,-0.552002,0.3764648,2.854962,-3.374046,-12.9771
50,-1.152832,-0.6169434,0.439209,-0.3053435,-6.610687,-15.61832
50,-1.139771,-0.5710449,0.439209,-0.5648855,-12.06107,-13.89313
50,-1.258911,-0.6231689,0.5019531,-7.465649,-5.160306,-14.77863
50,-1.245972,-0.526001,0.5019531,-4.580153,-12.44275,-8
50,-1.072876,-0.4326172,0.4705811,-4.076336,-19.46565,0.7633588
50,-0.9979248,-0.3392334,0.4705811,-6.473282,-17.0687,3.587786
50,-1.019043,-0.317749,0.5019531,-8.244275,-12.83969,11.26718
50,-1.030273,-0.2796631,0.5019531,-7.450382,-15.78626,19.87786
50,-0.9787598,-0.2368164,0.4705811,-7.633588,-20.9771,34.64122
50,-0.9245605,-0.1837158,0.4078369,-11.49618,-21.05343,42.42748
50,-0.8345947,-0.1604004,0.3764648,-19.22137,-20.03053,51.03817
50,-0.7600098,-0.1428223,0.3450928,-24.01527,-19.96947,54.51908
50,-0.6490479,-0.1352539,0.3137207,-29.03817,-18.47328,54.80916
50,-0.5852051,-0.1315918,0.2823486,-31.41985,-16.90076,52.15267
50,-0.5158691,-0.1374512,0.2509766,-34.15267,-14.06107,44.36641
50,-0.487915,-0.1524658,0.2509766,-34.61069,-12.51908,37.64885
50,-0.4616699,-0.1662598,0.2509766,-34.13741,-11.34351,25.77099
50,-0.4587402,-0.1865234,0.2823486,-32.9313,-10.83969,13.26718
50,-0.4541016,-0.1896973,0.2823486,-29.28244,-11.81679,5.694656
50,-0.4586182,-0.1895752,0.2823486,-26.99237,-10.87023,-4.854962
50,-0.5063477,-0.2033691,0.3137207,-25.28244,-6.900764,-10.67176
50,-0.5684814,-0.213501,0.3137207,-22.51908,-4.900764,-12.64122
50,-0.6060791,-0.229126,0.3450928,-20.65649,-2.198473,-13.25191
50,-0.7357178,-0.2974854,0.4078369,-19.0229,4.778626,-14.15267
50,-0.8186035,-0.338623,0.439209,-15.35878,6.549618,-13.57252
50,-0.9451904,-0.4257813,0.5333252,-7.832061,5.267176,-12.90076
50,-0.9733887,-0.4259033,0.5333252,0.2290076,2.70229,-13.03817
50,-1.100586,-0.4528809,0.5646973,7.145038,5.160306,-14.07634
50,-1.161743,-0.4742432,0.5646973,9.038168,4.396946,-12.9771
50,-1.216064,-0.5023193,0.5646973,16.53435,-1.435115,-6.778626
50,-1.101318,-0.4573975,0.4705811,23.00763,-11.20611,-1.343511
50,-0.8623047,-0.3636475,0.2823486,21.54198,-12.9313,-3.526718
50,-0.8432617,-0.3945313,0.2823486,8.961832,2.625954,-14.99237
50,-0.9348145,-0.4718018,0.2823486,2.290076,21.00763,-25.35878
50,-0.9667969,-0.5068359,0.2823486,1.89313,28.39695,-27.9084
50,-0.9486084,-0.4921875,0.2509766,8.366412,37.05344,-25.9084
50,-0.9360352,-0.4783936,0.2509766,12.99237,43.14504,-23.20611
50,-0.8815918,-0.4398193,0.2196045,21.63359,43.58779,-15.78626
50,-0.8100586,-0.3985596,0.1882324,25.60305,39.98473,-11.55725
50,-0.7174072,-0.3405762,0.1568604,28.83969,34.79389,-7.709924
50,-0.6656494,-0.3105469,0.1568604,29.89313,29.09924,-5.374046
50,-0.6018066,-0.2684326,0.1568604,31.34351,19.72519,-2.503817
50,-0.5744629,-0.2578125,0.1568604,31.74046,14.73282,-1.022901
50,-0.5552979,-0.2574463,0.1882324,32.51908,9.450381,-0.9007633
50,-0.5496826,-0.2519531,0.1882324,33.12977,5.557252,-1.541985
50,-0.5400391,-0.2414551,0.1882324,31.22137,-1.877863,-2.80916
50,-0.5201416,-0.2236328,0.1882324,28.59542,-7.969466,-3.236641
50,-0.5092773,-0.2094727,0.1882324,19.64886,-12.96183,-4.854962
50,-0.5708008,-0.2502441,0.2196045,11.58779,-10.83969,-7.465649
50,-0.7354736,-0.3450928,0.3137207,3.221374,-9.221375,-9.328244
50,-0.8518066,-0.4194336,0.3764648,-1.236641,-11.23664,-9.450381
50,-0.9824219,-0.4918213,0.439209,-3.89313,-18.0458,-6.671756
50,-0.9698486,-0.4942627,0.4078369,-6.946565,-24.10687,-4.061069
50,-1.046753,-0.5583496,0.4705811,-18.71756,-17.29771,-8.488549
50,-1.065552,-0.5562744,0.4705811,-19.22137,-18.53435,-7.61832
50,-1.083252,-0.5408936,0.5019531,-21.03817,-16.45802,-7.099236
50,-1.041626,-0.4780273,0.5019531,-17.61832,-19.1145,-2.091603
50,-0.975708,-0.3977051,0.4705811,-17.9542,-18.67175,4.442748
50,-0.9405518,-0.3607178,0.5019531,-16.85496,-19.40458,9.557252
50,-0.9637451,-0.3612061,0.5333252,-14.42748,-18.06107,15.00763
50,-0.9696045,-0.3519287,0.5333252,-10.48855,-20.22901,19.87786
50,-0.9405518,-0.3121338,0.5019531,-6.473282,-21.9542,27.28244
50,-0.9013672,-0.2769775,0.4705811,-5.78626,-19.98473,31.77099
50,-0.8310547,-0.227417,0.439209,-6.793893,-13.46565,38.07634
50,-0.7644043,-0.199707,0.3764648,-7.908397,-8.702291,41.70992
50,-0.6635742,-0.1721191,0.3450928,-9.877863,0,43.72519
50,-0.6002197,-0.1561279,0.3137207,-10.76336,5.145038,42.48855
50,-0.5262451,-0.1468506,0.2509766,-12.76336,11.66412,36.0916
50,-0.4970703,-0.1491699,0.2509766,-14.36641,14.67176,29.34351
50,-0.4821777,-0.1635742,0.2509766,-16.79389,16.45802,16.61069
50,-0.4929199,-0.1774902,0.2509766,-18.18321,16.06107,7.694656
50,-0.5200195,-0.1964111,0.2509766,-18.50382,13.0229,-3.312977
50,-0.5413818,-0.2081299,0.2509766,-18.16794,10.64122,-9.007633
50,-0.5634766,-0.2150879,0.2509766,-17.66412,8.183207,-14.99237
50,-0.6293945,-0.2476807,0.2823486,-18.51908,9.038168,-18
50,-0.6563721,-0.2713623,0.2823486,-16.79389,6.610687,-18.18321
50,-0.7537842,-0.3426514,0.3450928,-16.67175,8.045801,-19.31298
50,-0.8114014,-0.3797607,0.3764648,-11.55725,7.267176,-19.51145
50,-0.9442139,-0.4599609,0.4705811,-8.488549,10.8855,-20.74809
50,-1.001465,-0.4836426,0.5019531,2.412214,1.954198,-19.35878
50,-1.141235,-0.5419922,0.5333252,7.19084,3.664122,-21.16031
50,-1.26001,-0.5671387,0.5646973,17.55725,0.7022901,-16.18321
50,-1.174683,-0.5085449,0.4705811,25.92366,-10.61069,-2.519084
50,-1.058838,-0.4541016,0.3764648,28.9313,-17.45038,2.900763
50,-0.9464111,-0.4527588,0.3137207,22.45802,-14.48855,-1.282443
50,-0.9627686,-0.5031738,0.3450928,12.53435,2.839695,-7.526718
50,-0.9758301,-0.5447998,0.3450928,11.84733,7.572519,-16.54962
50,-0.9519043,-0.5327148,0.3137207,14.76336,9.419847,-20.39695
50,-0.8797607,-0.4837646,0.2509766,14.59542,11.37405,-25.32825
50,-0.8508301,-0.4593506,0.2196045,12.91603,14.24428,-27.20611
50,-0.7803955,-0.4044189,0.1882324,11.81679,15.03817,-25.26718
50,-0.7246094,-0.3662109,0.1568604,10.9313,14.87023,-22.16794
50,-0.6412354,-0.3129883,0.1254883,11.23664,13.40458,-14.90076
50,-0.5860596,-0.2818604,0.1254883,11.63359,11.52672,-9.465649
50,-0.5206299,-0.2587891,0.1254883,10.71756,8.80916,-3.389313
50,-0.4976807,-0.2572021,0.1568604,9.526717,6.885496,-1.145038
50,-0.480957,-0.2618408,0.1568604,7.374046,2.687023,-0.04580153
50,-0.4833984,-0.274292,0.1882324,5.755725,0.1984733,-0.3358779
50,-0.5053711,-0.2973633,0.2196045,5.068702,-2.854962,-0.7480916
50,-0.5147705,-0.3059082,0.2196045,5.206107,-4.992366,-0.4274809
50,-0.5080566,-0.3070068,0.2196045,4.396946,-7.175572,-0.7022901
50,-0.5328369,-0.3209229,0.2196045,1.603053,-4.519084,-3.694656
50,-0.6512451,-0.3859863,0.2823486,-3.221374,1.267176,-9.664123
50,-0.8155518,-0.4898682,0.3764648,-6.91603,2.854962,-15.32824
50,-0.9180908,-0.5533447,0.4078369,-5.633588,-0.2442748,-17.32825
50,-0.9490967,-0.5507813,0.4078369,-1.19084,-8.717557,-18.0458
50,-1.016602,-0.5760498,0.4078369,-6.015267,-3.816794,-22.56489
50,-1.211914,-0.6538086,0.4705811,-8.061069,-1.419847,-21.34351
50,-1.228027,-0.6789551,0.5019531,-9.312977,-8.748092,-16.51908
50,-1.065918,-0.6015625,0.439209,-5.938931,-21.51145,-9.374045
50,-0.9129639,-0.5029297,0.439209,-6.961832,-23.46565,-10.65649
50,-0.8886719,-0.5024414,0.5333252,-9.282443,-17.63359,-18.27481
50,-0.9442139,-0.5332031,0.5960693,-4.70229,-21.49618,-20
50,-0.9324951,-0.5256348,0.6274414,6.931298,-35.05344,-18.21374
50,-0.8345947,-0.467041,0.5960693,12.9771,-41.55725,-16.64122
50,-0.8061523,-0.4389648,0.6274414,15.12977,-39.22137,-17.9542
50,-0.7480469,-0.3795166,0.5960693,17.40458,-38.12214,-18.47328
50,-0.6993408,-0.3428955,0.5646973,20.85496,-35.75573,-9.832061
50,-0.6113281,-0.2838135,0.5019531,23.29771,-34.61069,-1.312977
50,-0.5472412,-0.25,0.439209,23.70992,-24.85496,3.51145
50,-0.4542236,-0.208252,0.3450928,21.57252,-16.85496,7.862596
50,-0.40979,-0.1994629,0.3450928,14.83969,-3.984733,8.137404
50,-0.3791504,-0.2025146,0.3137207,10.79389,2.870229,5.816794
50,-0.3743896,-0.2127686,0.3137207,6.412214,11.23664,3.312977
50,-0.3874512,-0.2259521,0.3137207,4.656488,14,-1.099237
50,-0.401123,-0.2254639,0.3137207,3.175573,15.40458,-3.114504
50,-0.4241943,-0.2259521,0.3450928,1.694656,15.51145,-4.305344
50,-0.4532471,-0.2344971,0.3450928,-0.9465649,17.37405,-3.954198
50,-0.5195313,-0.2681885,0.3764648,-1.954198,19.32825,-0.5038168
50,-0.5744629,-0.3082275,0.439209,-2.671756,20.74809,2.10687
50,-0.6864014,-0.395874,0.5019531,-2.183206,22.87023,5.78626
50,-0.7851563,-0.473877,0.5646973,-0.7938932,24.22901,6.061069
50,-0.9146729,-0.5617676,0.6274414,6.152672,20.73282,6.10687
50,-0.9633789,-0.572998,0.6274414,14.76336,17.52672,6.885496
50,-1.043091,-0.5919189,0.6588135,23.23664,22.01527,7.862596
50,-1.131348,-0.59375,0.6274414,53.23664,16.99237,26.91603
50,-0.8007813,-0.4405518,0.439209,51.80153,7.862596,22.51908
50,-0.7211914,-0.4304199,0.4078369,42.0458,16.61069,6.885496
50,-0.7429199,-0.4748535,0.4078369,34.56488,26.74809,-18.16794
50,-0.7480469,-0.4783936,0.4078369,35.32824,25.84733,-30.12214
50,-0.706543,-0.4360352,0.3450928,37.64885,26.74809,-42.1832
50,-0.6922607,-0.3995361,0.3137207,37.64885,31.14504,-46.44275
50,-0.6821289,-0.3525391,0.2823486,36.80916,35.77099,-45.34351
50,-0.6628418,-0.322998,0.2509766,35.75573,36.1832,-40.87023
50,-0.6258545,-0.286377,0.2196045,33.25191,34.44275,-31.20611
50,-0.6005859,-0.2711182,0.2196045,31.51145,31.93893,-24.47328
50,-0.5733643,-0.2528076,0.2196045,28.82443,27.23664,-15.08397
50,-0.5640869,-0.2510986,0.2196045,26.53435,23.98473,-9.664123
50,-0.5609131,-0.260498,0.2509766,23.51145,18.99237,-3.29771
50,-0.5563965,-0.2631836,0.2509766,22.59542,15.48092,0.1984733
50,-0.5460205,-0.2543945,0.2509766,22.51908,11.70992,4.59542
50,-0.5323486,-0.2398682,0.2509766,22.80916,10.35114,7.358778
50,-0.5393066,-0.2458496,0.2509766,19.96947,11.9084,9.358779
50,-0.5804443,-0.2805176,0.2823486,16.32061,15.45038,7.89313
50,-0.7264404,-0.3840332,0.3764648,11.58779,20.90076,3.145038
50,-0.8201904,-0.4453125,0.439209,11.1145,20.24427,-0.259542
50,-0.9171143,-0.4957275,0.439209,10.9313,15.98473,-6.91603
50,-0.9914551,-0.5463867,0.5019531,7.236641,15.1145,-13.8626
50,-1.011841,-0.5528564,0.4705811,7.282443,8.885496,-20.45802
50,-1.126953,-0.6271973,0.5646973,2.061069,15.52672,-29.41985
50,-1.208374,-0.6177979,0.5960693,13.67939,7.038168,-27.1145
50,-1.09436,-0.5080566,0.5333252,23.35878,-4.305344,-18.82443
50,-0.9450684,-0.3497314,0.4705811,24.19847,-0.8854962,-12.0458
50,-0.9776611,-0.3133545,0.5019531,24.48855,7.007634,-4.946565
50,-0.9918213,-0.3048096,0.5333252,24.59542,2.21374,12.99237
50,-0.9273682,-0.2868652,0.4705811,22.62595,-2.412214,22.44275
50,-0.8304443,-0.2495117,0.4078369,12,2.030534,25.55725
50,-0.7955322,-0.2213135,0.3764648,3.099237,8.351145,23.58779
50,-0.7565918,-0.2034912,0.3450928,-9.374045,12.32061,23.63359
50,-0.6706543,-0.1779785,0.2823486,-16.67175,15.81679,23.48092
50,-0.6176758,-0.1734619,0.2509766,-27.61832,19.75573,22.10687
50,-0.5562744,-0.1893311,0.2196045,-34.13741,26.33588,17.57252
50,-0.5291748,-0.2054443,0.1882324,-41.28244,29.45038,13.19084
50,-0.5113525,-0.2365723,0.1882324,-44.59542,30.80916,4
50,-0.5131836,-0.2543945,0.1882324,-47.31298,29.66412,-2.80916
50,-0.536499,-0.2799072,0.1882324,-48.64122,30.06107,-12.62595
50,-0.5598145,-0.2962646,0.1882324,-49.70992,23.45038,-17.77099
50,-0.565918,-0.326416,0.1882324,-49.8168,20.16794,-21.75573
50,-0.611084,-0.3458252,0.1882324,-48.22901,14.16794,-24.87023
50,-0.6014404,-0.3729248,0.1882324,-45.57252,9.770992,-25.92366
50,-0.6877441,-0.4052734,0.2196045,-40.12214,14.47328,-29.40458
50,-0.7749023,-0.4693604,0.2823486,-34.51908,16.74809,-29.28244
50,-0.9451904,-0.5500488,0.3450928,-26.56489,19.29771,-26.70229
50,-1.019043,-0.6040039,0.3764648,-16.67175,13.93893,-21.81679
50,-1.026001,-0.6403809,0.3450928,-7.160306,7.89313,-19.46565
50,-1.135498,-0.7056885,0.3450928,-3.664122,13.25191,-21.75573
50,-1.143433,-0.6734619,0.2823486,10.32061,4.885496,-15.70992
50,-1.079834,-0.6281738,0.1882324,17.0687,0.5496183,-10.0458
50,-1.022339,-0.6052246,0.09411621,17.25191,5.053435,-4.931298
50,-1.080688,-0.6707764,0.09411621,10.99237,12.58015,-4.824428
50,-1.092163,-0.7147217,0.09411621,9.572519,13.55725,-2.732824
50,-1.057007,-0.7098389,0.09411621,11.52672,15.34351,-2.10687
50,-1.01355,-0.6628418,0.09411621,21.54198,19.41985,0.5954198
50,-0.96875,-0.6087646,0.09411621,31.57252,18.44275,5.740458
50,-0.8371582,-0.5042725,0.09411621,46.0916,12.67176,15.08397
50,-0.7398682,-0.4324951,0.06274414,52.87023,9.526717,19.45038
50,-0.6173096,-0.338501,0.06274414,57.51145,5.603054,22.13741
50,-0.5616455,-0.2962646,0.06274414,57.20611,2.625954,21.83206
50,-0.5129395,-0.2648926,0.09411621,53.75573,-3.389313,19.41985
50,-0.4923096,-0.246582,0.1254883,50.62595,-9.022901,16.82443
50,-0.4715576,-0.2399902,0.1568604,41.64885,-19.31298,11.40458
50,-0.4672852,-0.2414551,0.1568604,36.45802,-23.52672,8.732824
50,-0.4606934,-0.2412109,0.1568604,27.9542,-27.0687,4.625954
50,-0.4699707,-0.2539063,0.1882324,21.35878,-26.64122,1.618321
50,-0.8857422,-0.5129395,0.4078369,-4.183206,-19.86259,-22.36641
50,-0.9592285,-0.5333252,0.4078369,-7.78626,-21.60305,-24.01527
50,-1.05188,-0.5762939,0.439209,-14.36641,-18.22901,-25.00763
50,-1.165039,-0.635376,0.4705811,-22.73282,-14.47328,-22.77863
50,-1.21582,-0.6690674,0.5019531,-27.0687,-12.9313,-20.56489
50,-1.151611,-0.6241455,0.5019531,-26.47328,-18.44275,-14.48855
50,-1.050049,-0.5522461,0.4705811,-24.42748,-21.75573,-9.877863
50,-0.9604492,-0.4311523,0.4705811,-24.03053,-18.99237,-3.145038
50,-0.958252,-0.3931885,0.5019531,-20.19847,-18.56489,5.572519
50,-0.930542,-0.3356934,0.5019531,-16.9771,-22.67175,21.89313
50,-0.8742676,-0.286377,0.439209,-16.58015,-24.13741,31.31298
50,-0.8127441,-0.2619629,0.4078369,-22.74809,-16.8855,38.50382
50,-0.796875,-0.2333984,0.4078369,-28.44275,-10.76336,41.48092
50,-0.7625732,-0.2216797,0.4078369,-36.64122,-4.748092,45.74046
50,-0.7348633,-0.2161865,0.3764648,-41.25191,-1.541985,48.38168
50,-0.673584,-0.2175293,0.3137207,-47.45038,2.381679,50.44275
50,-0.6361084,-0.2230225,0.2823486,-51.69466,5.389313,49.60305
50,-0.5878906,-0.2368164,0.2509766,-56.58015,9.328244,46.03053
50,-0.5700684,-0.2677002,0.2509766,-58.21374,11.48092,42.47328
50,-0.5926514,-0.2966309,0.2509766,-57.51145,14.06107,35.29771
50,-0.6112061,-0.3157959,0.2509766,-53.78626,12.91603,31.96947
50,-0.6290283,-0.3129883,0.2509766,-45.9542,10.25954,28.99237
50,-0.6320801,-0.293457,0.2196045,-40.22901,8.961832,28.10687
50,-0.6275635,-0.2722168,0.2196045,-32.50382,7.374046,28.35114
50,-0.6140137,-0.241333,0.2196045,-28.13741,6.519084,27.86259
50,-0.6062012,-0.2244873,0.1882324,-23.14504,6.137404,27.29771
50,-0.6251221,-0.2235107,0.2196045,-20.0916,6.748092,24.0458
50,-0.6710205,-0.2429199,0.2509766,-16.91603,7.480916,21.40458
50,-0.765625,-0.295166,0.3137207,-12.91603,7.267176,15.60305
50,-0.8205566,-0.3083496,0.3137207,-5.664122,3.572519,11.41985
50,-0.9588623,-0.3358154,0.3450928,-3.725191,6.458015,0.778626
50,-1.16687,-0.4263916,0.439209,0.2442748,12.25954,-3.633588
50,-1.270142,-0.4300537,0.439209,17.26718,-4.91603,1.206107
50,-1.179565,-0.3596191,0.3450928,25.32825,-14.70229,3.603053
50,-1.007324,-0.204834,0.1254883,21.60305,-11.92366,0.07633588
50,-1.050171,-0.201416,0.09411621,5.984733,4.076336,-6.519084
50,-1.144409,-0.2058105,0.06274414,-11.45038,16.29008,-7.954198
50,-1.169678,-0.2298584,0.09411621,-23.0229,19.25191,-6.442748
50,-1.220703,-0.2590332,0.1254883,-28.64122,21.46565,-2.59542
50,-1.246948,-0.2611084,0.1568604,-34.99237,19.03817,1.89313
50,-1.24939,-0.237793,0.1568604,-38.1832,11.34351,11.29771
50,-1.234009,-0.2149658,0.1568604,-41.45038,5.923664,18.35114
50,-1.161865,-0.168457,0.1568604,-43.23664,-4.167939,29.80153
50,-1.094482,-0.1444092,0.1568604,-53.31298,-10.59542,35.60305
50,-0.9936523,-0.1153564,0.1568604,-59.89313,-16.18321,40.76336
50,-0.9185791,-0.09899902,0.1254883,-69.66412,-24.71756,42.82443
50,-0.8204346,-0.08752441,0.1254883,-76.38168,-29.26718,42.99237
50,-0.7698975,-0.0814209,0.1254883,-84.38168,-34.24427,42.22901
50,-0.7049561,-0.0748291,0.1254883,-88.45802,-37.49618,40.90076
50,-0.6643066,-0.06225586,0.09411621,-92.19847,-41.29771,40.16794
50,-0.635376,-0.07470703,0.06274414,-95.92367,-41.49618,39.16031
50,-0.6356201,-0.1013184,0.06274414,-101.145,-40.24427,39.05344
50,-0.6483154,-0.1706543,0.06274414,-105.0229,-39.25191,38.56488
50,-0.6612549,-0.2335205,0.09411621,-105.374,-38.24427,36.71756
50,-0.6901855,-0.3289795,0.1254883,-102.0763,-37.16031,30.51908
50,-0.7087402,-0.3856201,0.1254883,-97.98473,-38.01527,24.76336
50,-0.6793213,-0.418457,0.1254883,-89.05344,-41.64885,15.64886
50,-0.6719971,-0.4471436,0.1254883,-85.58778,-41.14504,7.816794
50,-0.7092285,-0.4927979,0.1882324,-77.87786,-40.30534,-3.801527
50,-0.7260742,-0.5002441,0.2196045,-69.87786,-43.84733,-9.480916
50,-0.7005615,-0.4724121,0.2196045,-59.1145,-53.89313,-15.23664
50,-0.6861572,-0.4603271,0.2196045,-54.90076,-58.44275,-19.12977
50,-0.6850586,-0.4561768,0.2509766,-50.47328,-63.35878,-24.0916
50,-0.6949463,-0.4660645,0.2509766,-49.25191,-64.44275,-27.16031
50,-0.7369385,-0.4841309,0.2823486,-47.77099,-60.87023,-30.48855
50,-0.772583,-0.4967041,0.2823486,-46.76336,-56.45802,-30.42748
50,-0.8034668,-0.5087891,0.2823486,-46.68702,-47.74046,-27.09924
50,-0.8216553,-0.5136719,0.2823486,-47.84733,-39.64885,-23.75573
50,-0.824707,-0.4915771,0.2509766,-48.1832,-27.58779,-16.10687
50,-0.9355469,-0.5847168,0.3764648,-60.91603,-8.977099,-18.30534
50,-1.434326,-0.8256836,0.6901855,-66.99236,1.572519,-16.18321
50,-1.176514,-0.5949707,0.5019531,-28.59542,-34.1832,6.732824
50,-0.951416,-0.4393311,0.3764648,-32.30534,-36.32061,14.76336
50,-0.9195557,-0.4595947,0.4078369,-49.86259,-17.12977,10.65649
50,-1.046631,-0.5499268,0.439209,-61.80153,-12.61069,5.740458
50,-1.019287,-0.5811768,0.4705811,-75.22137,-24.64122,4.38168
50,-0.8980713,-0.5161133,0.439209,-77.17558,-34.19847,1.465649
50,-0.805542,-0.4345703,0.4078369,-74.73283,-50.61069,2.977099
50,-0.7165527,-0.3498535,0.4078369,-75.05344,-65.32825,10.29008
50,-0.6693115,-0.3132324,0.3764648,-76.15267,-75.63359,18.62595
50,-0.5827637,-0.2805176,0.3764648,-82,-88.83969,29.98473
50,-0.5352783,-0.2587891,0.3764648,-87.45038,-93.25191,35.25191
50,-0.4920654,-0.2189941,0.3764648,-98.85497,-96.51908,41.77099
50,-0.5058594,-0.1890869,0.3764648,-109.2824,-97.37405,46.45802
50,-0.5626221,-0.1972656,0.3764648,-130.229,-102,57.29771
50,-0.6054688,-0.2161865,0.3764648,-144.0916,-106.7786,66.54962
50,-0.6655273,-0.2601318,0.3764648,-166.2748,-114.7328,80.83969
50,-0.703125,-0.2998047,0.3764648,-181.1298,-121.6947,90.30534
50,-0.7247314,-0.3875732,0.3764648,-202.626,-134.0763,103.0992
50,-0.7305908,-0.4737549,0.4078369,-213.5878,-141.2977,109.2366
50,-0.696167,-0.5708008,0.439209,-219.7405,-151.0534,113.8626
50,-0.6561279,-0.6035156,0.439209,-220.0763,-154.4275,112.7634
50,-0.6279297,-0.6424561,0.439209,-217.8931,-153.8168,106.5649
50,-0.6247559,-0.6682129,0.439209,-215.4046,-152.229,101.3588
50,-0.6219482,-0.7004395,0.439209,-209.3435,-148.7786,93.96947
50,-0.6251221,-0.725708,0.439209,-204.9618,-144.8397,89.03817
50,-0.6148682,-0.7540283,0.4078369,-195.4198,-137.2061,82.76336
50,-0.602417,-0.7694092,0.4078369,-188.1069,-130.7634,78.1832
50,-0.5844727,-0.7839355,0.4078369,-173.8626,-119.3893,70.39695
50,-0.5793457,-0.7890625,0.4078369,-163.6641,-111.8168,64.79389
50,-0.5651855,-0.77771,0.3764648,-147.2366,-102.1527,56.48855
50,-0.543335,-0.7520752,0.3764648,-136.0611,-96.79389,51.69466
50,-0.5007324,-0.7064209,0.3450928,-121.9542,-89.70992,45.9084
50,-0.4576416,-0.6730957,0.3137207,-113.8015,-85.45038,42.79389
50,-0.4121094,-0.6447754,0.3137207,-103.8168,-75.74046,37.80153
50,-0.404541,-0.6402588,0.3137207,-97.35878,-68.09161,34.51908
50,-0.4117432,-0.6264648,0.3137207,-86.1832,-57.63359,31.55725
50,-0.4243164,-0.6158447,0.3137207,-78.99236,-52.10687,31.48092
50,-0.4331055,-0.6120605,0.2823486,-70.12214,-46.61069,34.38168
50,-0.4324951,-0.6188965,0.2823486,-65.00764,-43.28244,37.09924
50,-0.4431152,-0.6433105,0.2823486,-58.76336,-36.67176,39.45038
50,-0.4725342,-0.6717529,0.3137207,-55.55725,-31.23664,39.54198
50,-0.541626,-0.7403564,0.3450928,-52.36641,-24.01527,39.19084
50,-0.5708008,-0.762207,0.3450928,-47.89313,-20.76336,39.9084
50,-0.5871582,-0.7664795,0.3764648,-39.9084,-15.26718,43.67939
50,-0.6029053,-0.7733154,0.3764648,-35.19084,-10.06107,46.83969
50,-0.6660156,-0.7998047,0.3764648,-29.40458,-1.89313,51.31298
50,-0.6984863,-0.7956543,0.4078369,-20.9771,1.236641,56.54962
50,-0.6702881,-0.7474365,0.4078369,-10.68702,0.4274809,61.46565
50,-0.6428223,-0.7016602,0.3764648,-4.656488,0.8854962,62.99237
50,-0.6098633,-0.6320801,0.3137207,-3.664122,3.755725,62.51908
50,-0.5958252,-0.5834961,0.2823486,1.526718,6.931298,61.20611
50,-0.579834,-0.5166016,0.2196045,3.206107,12.90076,58.16794
50,-0.5830078,-0.4763184,0.1882324,-5.282443,18.41221,55.00763
50,-0.6126709,-0.4523926,0.1882324,-15.00763,25.89313,48.65649
50,-0.6489258,-0.446167,0.2196045,-20.01527,28.29008,43.31298
50,-0.7062988,-0.4373779,0.2196045,-23.69466,26.62595,33.84733
50,-0.7518311,-0.4311523,0.2196045,-24.85496,23.45038,26.96183
50,-0.8406982,-0.4367676,0.1882324,-26.18321,19.43511,16.19847
50,-0.9746094,-0.4864502,0.1568604,-31.74046,20.36641,8.045801
50,-1.026001,-0.5223389,0.1882324,-34.27481,3.114504,1.78626
50,-0.9832764,-0.4990234,0.1568604,-28.39695,-7.419847,-2.534351
50,-0.9846191,-0.435791,0.1254883,-15.31298,-12.39695,-6.335878
50,-1.058594,-0.4366455,0.09411621,-13.54198,-13.1145,-4.320611
50,-1.118652,-0.4747314,0.06274414,-16.15267,-20.74809,5.923664
50,-1.090332,-0.4786377,0.03137207,-17.22137,-25.05343,12.29008
50,-1.035034,-0.4914551,0.03137207,-21.31298,-24.01527,16.42748
50,-1.007568,-0.5172119,0.06274414,-24.51908,-24.61069,16.80916
50,-0.9724121,-0.5131836,0.09411621,-24.71756,-29.22137,16.0916
50,-0.9238281,-0.4735107,0.09411621,-21.55725,-33.93893,16.21374
50,-0.8278809,-0.4404297,0.09411621,-15.37405,-42.25954,18.07634
50,-0.7641602,-0.3944092,0.06274414,-11.8626,-46.77863,19.72519
50,-0.6896973,-0.3823242,0.06274414,-10.82443,-49.80153,21.05343
50,-0.6796875,-0.3935547,0.09411621,-12.0458,-49.69466,20.77863
50,-0.6450195,-0.4136963,0.09411621,-15.0229,-47.48092,17.66412
50,-0.6495361,-0.4396973,0.1254883,-17.05343,-46.21374,14.8855
50,-0.6722412,-0.4813232,0.1568604,-18.82443,-43.23664,10.41221
50,-0.6923828,-0.5076904,0.1882324,-19.66412,-40.56488,7.770992
50,-0.7121582,-0.5356445,0.1882324,-19.77099,-35.9542,5.053435
50,-0.7124023,-0.5429688,0.2196045,-18.76336,-33.03817,4.061069
50,-0.6937256,-0.5393066,0.2509766,-15.52672,-30.0458,3.160305
50,-0.6697998,-0.5218506,0.2196045,-12.25954,-28.85496,2.732824
50,-0.6157227,-0.475708,0.2196045,-7.679389,-27.60305,2.259542
50,-0.5720215,-0.4373779,0.1882324,-6.045802,-26.15267,1.435115
50,-0.5169678,-0.3917236,0.1568604,-7.007634,-22.45802,-1.236641
50,-0.4946289,-0.3658447,0.1254883,-8.534351,-18.96183,-4.366412
50,-0.5253906,-0.3372803,0.1254883,-13.32824,-10.27481,-10.1374
50,-0.5974121,-0.3282471,0.1254883,-16.0916,-4.030534,-11.19084
50,-0.7489014,-0.350708,0.1568604,-20.74809,2.412214,-6.824428
50,-0.9110107,-0.4056396,0.2196045,-23.14504,3.78626,-0.2900763
50,-1.036499,-0.4580078,0.2509766,-26.42748,8.167939,10.30534
50,-1.246338,-0.5385742,0.3137207,-29.54198,12.24428,19.0229
50,-1.34375,-0.5697021,0.3764648,-36.65649,10.70229,24.39695
50,-1.297363,-0.5375977,0.439209,-40.33588,3.664122,29.86259
50,-1.208984,-0.4992676,0.5019531,-40.67176,-5.328244,34.79389
50,-1.168701,-0.4970703,0.5960693,-35.25191,-7.679389,36.42748
50,-1.167847,-0.4963379,0.6274414,-19.75573,-16.82443,39.31298
50,-1.088989,-0.4476318,0.6274414,-2.671756,-30.80916,42.27481
50,-1.005615,-0.394165,0.5960693,4.427481,-36.24427,42.03053
50,-0.8909912,-0.3303223,0.5333252,8.59542,-38.79389,40.13741
50,-0.8149414,-0.2956543,0.4705811,9.480916,-39.05344,38.73283
50,-0.6867676,-0.2443848,0.4078369,9.053435,-36.9771,35.74046
50,-0.6125488,-0.2102051,0.3450928,6.473282,-31.98473,32.21374
50,-0.5541992,-0.1954346,0.2823486,-2.198473,-21.60305,25.26718
50,-0.5303955,-0.2000732,0.2823486,-8.396947,-16.39695,20.01527
50,-0.4960938,-0.2121582,0.2509766,-15.92366,-12.32061,11.58779
50,-0.4735107,-0.2155762,0.2509766,-19.77099,-11.31298,5.954198
50,-0.4372559,-0.21875,0.2196045,-24.76336,-11.32824,-1.099237
50,-0.4139404,-0.2186279,0.2196045,-27.40458,-11.28244,-5.221374
50,-0.4025879,-0.2330322,0.1882324,-31.80153,-9.160305,-10.73282
50,-0.4133301,-0.2507324,0.2196045,-33.23664,-7.145038,-13.43511
50,-0.4349365,-0.2712402,0.2196045,-33.17557,-4.320611,-15.87786
50,-0.4642334,-0.2894287,0.2509766,-32.90076,-1.603053,-16.41221
50,-0.5291748,-0.3533936,0.2823486,-32.16794,3.129771,-16.65649
50,-0.5987549,-0.4171143,0.3450928,-28.83969,7.61832,-17.20611
50,-0.7388916,-0.520752,0.4078369,-18.77863,16.12214,-18.85496
50,-0.8382568,-0.5782471,0.4705811,-8.320611,22.16794,-19.84733
50,-1.03833,-0.65979,0.5646973,10.0916,33.22137,-21.74046
50,-1.121582,-0.6636963,0.5646973,26.29008,33.03817,-20.41221
50,-1.173218,-0.6101074,0.5333252,46.44275,32.62595,-20.59542
50,-1.155273,-0.5065918,0.439209,58.94656,31.69466,-19.35878
50,-1.070923,-0.331543,0.2823486,66.64122,34.67176,-15.17557
50,-1.125854,-0.3164063,0.2509766,58.0458,46.83969,-12.70229
50,-1.193237,-0.3620605,0.2509766,50.56488,53.38931,-3.022901
50,-1.180176,-0.3891602,0.2509766,50.90076,54.12214,2.015267
50,-1.126953,-0.3834229,0.2509766,58.16794,55.28244,6.946565
50,-1.067139,-0.3564453,0.2196045,63.61832,53.55725,9.832061
50,-0.9534912,-0.3115234,0.1568604,68.59542,48.83969,12.54962
50,-0.8782959,-0.2884521,0.1568604,69.78626,45.25191,11.89313
50,-0.7728271,-0.2609863,0.1254883,69.32825,37.29771,7.816794
50,-0.7037354,-0.2460938,0.1254883,67.89313,30.68702,3.328244
50,-0.6188965,-0.2341309,0.1254883,63.9084,22.01527,-6
50,-0.5948486,-0.2355957,0.1254883,60.06107,17.75573,-13.54198
50,-0.565918,-0.2403564,0.1254883,54.70229,8.106871,-23.66412
50,-0.5332031,-0.2449951,0.1568604,51.61832,0.09160306,-30.01527
50,-0.4782715,-0.2454834,0.1568604,49.05344,-10.1374,-39.14504
50,-0.4458008,-0.225708,0.1254883,48.45802,-14.56489,-43.93893
50,-0.4117432,-0.2110596,0.1254883,46.06107,-16.58015,-48.83969
50,-0.4194336,-0.1954346,0.1254883,40.90076,-14.24428,-51.43512
50,-0.496582,-0.2762451,0.1568604,29.00763,-8.946565,-55.35878
50,-0.5731201,-0.3851318,0.2509766,21.43511,-6.198473,-58.87023
50,-0.7542725,-0.4642334,0.3137207,13.1145,-2.916031,-65.05344
50,-0.869751,-0.5218506,0.3137207,9.648855,-1.603053,-67.86259
50,-0.986084,-0.5684814,0.3450928,2.793893,-0.0610687,-67.19084
50,-1.096191,-0.6324463,0.4078369,-7.526718,8.152672,-66.50381
50,-1.196777,-0.7098389,0.439209,-16.06107,8.21374,-58.44275
50,-1.162476,-0.7025146,0.4705811,-18.99237,7.08397,-53.41985
50,-1.104858,-0.6236572,0.4705811,-16.13741,6.977099,-42.03053
50,-1.018066,-0.5288086,0.4705811,-12.50382,3.129771,-29.28244
50,-0.9752197,-0.4780273,0.5333252,-12.22901,4.534351,-9.374045
50,-1.004761,-0.4954834,0.5646973,-11.00763,3.236641,4.091603
50,-1.020142,-0.5330811,0.5960693,-8.351145,-4.442748,20.82443
50,-1.024902,-0.5330811,0.5960693,-6.458015,-6.977099,28.01527
50,-1.016357,-0.5174561,0.5960693,-4.519084,-11.92366,38.29008
50,-0.9698486,-0.4887695,0.5646973,-1.862595,-17.37405,45.49618
50,-0.8358154,-0.4276123,0.5019531,2.824427,-24.90076,54.56488
50,-0.7237549,-0.3739014,0.439209,5.679389,-27.29771,57.78626
50,-0.5531006,-0.2904053,0.3450928,7.374046,-26.56489,58.27481
50,-0.4658203,-0.2528076,0.2823486,5.740458,-22.32061,55.57252
50,-0.3929443,-0.2374268,0.2509766,0.8854962,-14.53435,47.72519
50,-0.3591309,-0.2369385,0.2196045,-2.396947,-11.0687,39.96947
50,-0.3148193,-0.2313232,0.2196045,-6.687023,-8.442748,25.67939
50,-0.2751465,-0.2125244,0.1882324,-9.206107,-7.160306,11.1145
50,-0.2624512,-0.1972656,0.1882324,-13.00763,-4.839694,2.137405
50,-0.2877197,-0.178833,0.1568604,-16.42748,1.053435,-7.78626
50,-0.3370361,-0.1870117,0.1882324,-19.38931,6.48855,-11.38931
50,-0.5177002,-0.27771,0.3137207,-23.25191,17.81679,-13.05344
50,-0.6799316,-0.3477783,0.3764648,-20.10687,23.17557,-10.8855
50,-0.8867188,-0.4312744,0.439209,-11.98473,26.12214,0.3358779
50,-1.011719,-0.5045166,0.5019531,-6.10687,29.19084,9.114504
50,-1.177246,-0.5999756,0.5646973,1.51145,34.53435,17.77099
50,-1.335938,-0.6512451,0.5646973,15.67939,39.87786,19.67939
50,-1.39209,-0.5715332,0.4705811,38.65649,31.77099,27.32825
50,-1.27063,-0.3325195,0.1254883,51.31298,29.84733,34.9771
50,-1.280396,-0.2832031,0.03137207,41.72519,53.46565,43.58779
50,-1.329102,-0.2989502,0,30.58015,62.24427,50.70229
50,-1.297852,-0.3063965,0,19.17557,56.68702,56.10687
50,-1.200317,-0.2875977,0,15.84733,46.74809,54.56488
50,-1.044067,-0.2687988,0,14.36641,31.48092,44.71756
50,-0.9425049,-0.2232666,0,15.55725,20.67175,36.64122
50,-0.7927246,-0.1960449,0,17.58779,6.305344,25.29771
50,-0.7067871,-0.1737061,0.03137207,18.83969,0.04580153,17.77099
50,-0.6243896,-0.170166,0.06274414,21.84733,-5.175572,7.206107
50,-0.5932617,-0.1810303,0.09411621,24.42748,-7.465649,0.870229
50,-0.5634766,-0.1922607,0.1254883,28.59542,-11.75572,-7.374046
50,-0.5472412,-0.2125244,0.1254883,30.50382,-14.51908,-13.05344
50,-0.5344238,-0.2261963,0.1568604,31.87786,-18.18321,-22.32061
50,-0.5084229,-0.2321777,0.1568604,32.33588,-21.40458,-31.31298
50,-0.4957275,-0.2233887,0.1254883,31.52672,-24.16794,-37.20611
50,-0.545166,-0.2166748,0.1254883,29.40458,-21.81679,-43.8168
50,-0.6177979,-0.2288818,0.1568604,24.73282,-15.41985,-44.73283
50,-0.739502,-0.2889404,0.2196045,21.19084,-13.0687,-41.28244
50,-0.8156738,-0.3436279,0.2509766,17.67939,-12.51908,-39.05344
50,-0.9207764,-0.4089355,0.2823486,15.22137,-11.96947,-38.33588
50,-0.9697266,-0.4278564,0.2509766,12.21374,-10.44275,-39.9084
50,-1.148682,-0.4842529,0.3137207,-0.9312977,0.8854962,-44.96183
50,-1.247925,-0.5013428,0.3450928,-12.44275,-0.8244275,-45.74046
50,-1.301025,-0.5251465,0.439209,-18.35114,-4.473282,-45.46565
50,-1.181274,-0.4401855,0.439209,-16.76336,-20.76336,-42.07634
50,-1.05188,-0.354126,0.439209,-16.0458,-26.13741,-40.74809
50,-1.05603,-0.2923584,0.5333252,-15.43511,-16.29008,-36.9313
50,-1.092651,-0.2897949,0.5646973,-12.12214,-15.74046,-26.47328
50,-1.078857,-0.3109131,0.5960693,-5.709924,-18.68702,-8.183207
50,-1.059692,-0.3082275,0.5960693,-0.7328244,-16.65649,0.8854962
50,-1.009155,-0.2851563,0.5646973,2.427481,-14.50382,11.61832
50,-0.9421387,-0.2589111,0.5019531,2.21374,-15.17557,17.23664
50,-0.8153076,-0.2359619,0.439209,-0.5648855,-15.46565,21.81679
50,-0.7250977,-0.2220459,0.3764648,-2.534351,-14.70229,21.81679
50,-0.6020508,-0.2037354,0.3137207,-5.648855,-11.54198,18.13741
50,-0.546875,-0.1962891,0.2823486,-7.847328,-8.137404,14.24428
50,-0.5128174,-0.2099609,0.2823486,-10.90076,-3.358779,7.923664
50,-0.4954834,-0.2186279,0.2823486,-11.72519,-2.977099,4.274809
50,-0.4627686,-0.2185059,0.2823486,-11.92366,-4.48855,-0.4885496
50,-0.442627,-0.213501,0.2823486,-12.38168,-5.282443,-3.343511
50,-0.4320068,-0.2110596,0.2823486,-13.48092,-5.541985,-6.656488
50,-0.4332275,-0.2130127,0.2823486,-14.12214,-5.832061,-7.877862
50,-0.4326172,-0.2032471,0.2823486,-15.28244,-6.900764,-8.503817
50,-0.4501953,-0.2086182,0.3137207,-18.80916,-5.633588,-8.763359
50,-0.5476074,-0.2678223,0.3450928,-26.0916,-0.4732825,-9.206107
50,-0.6252441,-0.3068848,0.4078369,-28.50382,0.5343512,-8.564885
50,-0.7393799,-0.3867188,0.4705811,-33.03817,1.175573,-7.740458
50,-0.838501,-0.4521484,0.5019531,-34.56488,2.519084,-8.656488
50,-0.9632568,-0.5175781,0.5019531,-32.61069,3.145038,-9.725191
50,-1.090454,-0.5866699,0.5333252,-32.21374,6.839694,-10.64122
50,-1.132446,-0.5831299,0.4705811,-23.08397,0.6259542,-5.984733
50,-1.080811,-0.5209961,0.3764648,-17.51145,0.5038168,-1.221374
50,-1.197876,-0.5440674,0.2509766,-27.00763,26.96183,13.70992
50,-1.216675,-0.5791016,0.2196045,-28.56489,32.12214,25.86259
50,-1.163208,-0.5723877,0.2196045,-25.61832,32.21374,31.46565
50,-1.066772,-0.543335,0.2196045,-19.63359,29.61832,34.96183
50,-0.9801025,-0.5025635,0.1882324,-13.98473,24.51908,35.31298
50,-0.8286133,-0.4224854,0.1568604,-6.732824,16.80916,33.51145
50,-0.7363281,-0.3763428,0.1254883,-3.51145,13.49618,31.52672
50,-0.6191406,-0.3265381,0.09411621,-0.1679389,10.12214,27.51145
50,-0.5708008,-0.3125,0.09411621,0.7022901,9.541985,23.05343
50,-0.5465088,-0.3039551,0.1254883,0.9312977,8.290076,15.22137
50,-0.5328369,-0.2952881,0.1254883,0.3206107,5.328244,10.06107
50,-0.5041504,-0.2750244,0.1254883,-1.282443,-0.8549618,3.832061
50,-0.4724121,-0.2497559,0.1254883,-3.053435,-5.038168,0.9312977
50,-0.453125,-0.2263184,0.09411621,-6.290076,-9.236641,-0.6564885
50,-0.44104,-0.1936035,0.06274414,-9.938931,-9.938931,-0.3053435
50,-0.4943848,-0.1975098,0.06274414,-19.86259,-5.923664,1.694656
50,-0.5949707,-0.2591553,0.09411621,-29.41985,-1.358779,4.396946
50,-0.7973633,-0.3153076,0.1254883,-45.83206,2.305344,11.77099
50,-0.9362793,-0.3686523,0.1568604,-61.83206,-2.396947,23.29771
50,-1.001099,-0.3773193,0.1568604,-81.17558,-4.977099,34.65649
50,-1.051392,-0.3631592,0.1254883,-95.75572,-2.244275,41.31298
50,-1.312622,-0.4278564,0.1882324,-127.0687,9.389313,49.89313
50,-1.322388,-0.4084473,0.1882324,-138.8702,-3.923664,65.43511
50,-1.242676,-0.4134521,0.2196045,-154.5038,-16.73282,82.56489
50,-1.117432,-0.4187012,0.2509766,-158.7481,-27.80153,88.48855
50,-1.067749,-0.4476318,0.3137207,-154.4122,-25.87786,81.54198
50,-1.128418,-0.46521,0.3764648,-141.8626,-23.08397,75.92367
50,-1.168579,-0.4615479,0.439209,-115.8931,-26.61069,72.64122
50,-1.164429,-0.4248047,0.439209,-96.51908,-28.48855,70.91603
50,-1.122559,-0.3514404,0.439209,-71.54198,-29.31298,68.15267
50,-1.07251,-0.314209,0.4078369,-58.1832,-29.22137,65.87786
50,-0.965332,-0.260498,0.3450928,-39.89313,-27.51145,61.83206
50,-0.8922119,-0.222168,0.3137207,-29.28244,-25.26718,58.91603
50,-0.7658691,-0.1695557,0.2509766,-16.53435,-21.43511,54.03053
50,-0.6914063,-0.1408691,0.1882324,-11.57252,-16.79389,48.67176
50,-0.6425781,-0.1236572,0.1568604,-9.770992,-6.992366,37.38931
50,-0.6147461,-0.1234131,0.1568604,-9.633588,-3.343511,30.18321
50,-0.5777588,-0.1217041,0.1254883,-7.526718,-0.5954198,19.72519
50,-0.5463867,-0.1141357,0.1254883,-4.473282,-0.8549618,13.55725
50,-0.4976807,-0.09301758,0.1254883,-0.3969466,-0.9465649,4.198473
50,-0.4730225,-0.08203125,0.1254883,1.679389,0.09160306,-2.59542
50,-0.472168,-0.08410645,0.1254883,3.435115,3.587786,-13.58779
50,-0.4967041,-0.1026611,0.1254883,4.580153,6.045802,-21.41985
50,-0.6263428,-0.1395264,0.1882324,7.984733,13.25191,-32.35115
50,-0.7125244,-0.1538086,0.1882324,11.9084,14.35114,-35.80153
50,-0.8480225,-0.2530518,0.2196045,9.740458,15.08397,-42.77863
50,-0.9056396,-0.3035889,0.2509766,14.85496,14.19847,-48.39695
50,-1.132446,-0.3804932,0.2823486,24.56489,32.16794,-64.27481
50,-1.337891,-0.4138184,0.2823486,33.77099,38.25954,-66.48855
50,-1.417114,-0.4379883,0.2823486,45.64885,24.90076,-57.40458
50,-1.30249,-0.4064941,0.2509766,57.46565,10.41221,-51.34351
50,-1.055908,-0.2890625,0.09411621,75.17558,3.007634,-53.67939
50,-1.080811,-0.2719727,0.06274414,75.67939,15.9542,-61.14504
50,-1.14917,-0.2878418,0.06274414,74.30534,23.83206,-59.60305
50,-1.157593,-0.3121338,0.06274414,72.9771,26.58015,-56.01527
50,-1.145508,-0.3338623,0.06274414,72.80916,29.49618,-50.56488
50,-1.149658,-0.3354492,0.06274414,71.83206,31.09924,-47.57252
50,-1.130737,-0.3129883,0.06274414,68.59542,28.27481,-40.62595
50,-1.092407,-0.2836914,0.03137207,65.03817,24.50382,-34.62595
50,-1.000488,-0.2567139,0.03137207,55.77099,15.20611,-25.25191
50,-0.9155273,-0.2635498,0.03137207,49.70992,6.412214,-21.34351
50,-0.7966309,-0.2602539,0.03137207,45.66412,-4.778626,-21.81679
50,-0.7127686,-0.2471924,0.03137207,44.13741,-11.45038,-24.33588
50,-0.5899658,-0.2340088,0.03137207,40.54962,-18.42748,-30.38168
50,-0.5216064,-0.2431641,0.03137207,39.46565,-20.8855,-35.51145
50,-0.4440918,-0.2514648,0.03137207,41.87786,-22.03053,-44.30534
50,-0.4084473,-0.2513428,0.03137207,44.32061,-22.0916,-50.29008
50,-0.3693848,-0.222168,0,48.44275,-23.12977,-56.90076
50,-0.378418,-0.217041,0,47.19084,-21.78626,-60.12214
50,-0.4858398,-0.2698975,0,37.38931,-16.32061,-61.61832
50,-0.5820313,-0.3394775,0.03137207,27.28244,-13.66412,-60.30534
50,-0.730835,-0.4890137,0.09411621,10.53435,-9.053435,-58.39695
50,-0.8101807,-0.5895996,0.1254883,3.282443,-5.328244,-58.10687
50,-0.9338379,-0.6781006,0.1568604,-1.954198,7.709924,-58.96183
50,-1.057007,-0.7342529,0.1882324,-5.877862,19.34351,-57.09924
50,-1.191162,-0.8171387,0.2509766,-9.740458,28.90076,-47.87786
50,-1.210083,-0.8424072,0.3137207,-7.389313,28.06107,-39.17557
50,-1.055664,-0.756958,0.3450928,4.534351,17.32825,-27.22137
50,-0.9351807,-0.6741943,0.3764648,13.0229,13.1145,-23.23664
50,-0.9283447,-0.6132813,0.4078369,19.45038,15.31298,-20.70229
50,-0.9689941,-0.6053467,0.4705811,21.28244,12.59542,-16
50,-1.002563,-0.6193848,0.5019531,22.42748,6.870229,-6
50,-1.01062,-0.6269531,0.5333252,23.26718,5.374046,0.01526718
50,-0.9935303,-0.6102295,0.5333252,25.19084,1.29771,7.709924
50,-0.9438477,-0.5806885,0.5333252,27.14504,-4.244275,12.16794
50,-0.807373,-0.5175781,0.4705811,29.9542,-12.85496,15.77099
50,-0.7022705,-0.4663086,0.4078369,32.47328,-15.83206,15.66412
50,-0.559082,-0.3942871,0.3450928,35.0687,-14.48855,11.78626
50,-0.491333,-0.362793,0.2823486,35.1145,-10.33588,7.099236
50,-0.4080811,-0.3035889,0.2509766,33.0687,-4.824428,-0.6412213
50,-0.3691406,-0.2572021,0.1882324,28.16794,-1.969466,-6
50,-0.333252,-0.2390137,0.1882324,17.41985,-0.2137405,-13.16031
50,-0.3001709,-0.2354736,0.1882324,9.450381,-1.40458,-17.35878
50,-0.2753906,-0.246582,0.2196045,-0.6564885,-4.91603,-23.26718
50,-0.2733154,-0.2608643,0.2196045,-5.007634,-4.992366,-27.61832
50,-0.2998047,-0.28125,0.2196045,-8.687023,-3.19084,-31.45038
50,-0.3432617,-0.3104248,0.2509766,-11.52672,-0.4427481,-32.53435
50,-0.4742432,-0.4110107,0.2823486,-17.00763,5.78626,-32.79389
50,-0.5891113,-0.4971924,0.3450928,-19.08397,8.305344,-31.67939
50,-0.7540283,-0.6311035,0.4078369,-18.29008,7.648855,-28.94657
50,-0.8719482,-0.6993408,0.439209,-14.85496,7.603054,-27.08397
50,-1.093872,-0.861084,0.5333252,-12.01527,6.961832,-23.93893
50,-1.198486,-0.930542,0.5646973,-4.625954,-0.2290076,-19.64886
50,-1.126221,-0.8179932,0.439209,14.21374,-12.77863,-8.335877
50,-1.035645,-0.7028809,0.3137207,20.22901,-10.19847,0.3358779
50,-1.067505,-0.6744385,0.2196045,9.877863,12.90076,11.83206
50,-1.129272,-0.7025146,0.2196045,3.29771,27.66412,21.86259
50,-1.170532,-0.7192383,0.2196045,0.8549618,43.8168,36.65649
50,-1.146484,-0.6898193,0.2196045,4.625954,48.51908,45.87786
50,-1.062134,-0.6158447,0.1882324,11.58779,46.42748,56.9313
50,-0.9714355,-0.5467529,0.1568604,15.69466,40.54962,62.1832
50,-0.8044434,-0.4415283,0.1254883,19.29771,30.68702,65.78626
50,-0.7058105,-0.3850098,0.1254883,19.57252,24.68702,65.63359
50,-0.5959473,-0.3305664,0.09411621,18.16794,14.10687,62.25954
50,-0.5562744,-0.31604,0.09411621,15.61832,5.877862,57.22137
50,-0.5021973,-0.3052979,0.09411621,11.20611,-10.45802,47.70992
50,-0.4606934,-0.3067627,0.09411621,7.374046,-21.96947,40.10687
50,-0.3935547,-0.3103027,0.09411621,3.770992,-36.35115,27.12977
50,-0.3577881,-0.3029785,0.09411621,3.145038,-41.64885,17.63359
50,-0.3370361,-0.2775879,0.06274414,3.007634,-42.22901,5.08397
50,-0.3616943,-0.2810059,0.09411621,0.259542,-38.96183,-1.267176
50,-0.4580078,-0.3347168,0.1254883,-5.572519,-31.55725,-8.671756
50,-0.5552979,-0.4020996,0.1568604,-9.572519,-26.67175,-13.26718
50,-0.7298584,-0.496582,0.2196045,-13.14504,-20.91603,-20.13741
50,-0.8371582,-0.5577393,0.2509766,-15.96947,-19.28244,-23.19084
50,-0.9403076,-0.6116943,0.2509766,-20.36641,-18.16794,-26.13741
50,-1.018433,-0.661377,0.2823486,-25.66412,-13.32824,-28.29008
50,-1.124512,-0.7047119,0.3137207,-28.27481,-7.664122,-29.03817
50,-1.164673,-0.7357178,0.4078369,-29.20611,-5.358778,-27.49618
50,-1.114502,-0.6986084,0.4705811,-19.63359,-9.19084,-22.61069
50,-1.018066,-0.6027832,0.5333252,-11.25191,-11.43511,-18.58015
50,-0.9561768,-0.5722656,0.6274414,1.908397,-7.541985,-11.80153
50,-0.9691162,-0.5584717,0.7215576,12.64122,-5.038168,-6.351145
50,-1.009644,-0.5145264,0.7529297,31.54198,-6.351145,5.908397
50,-0.9927979,-0.4433594,0.7215576,39.58779,-7.496183,15.03817
50,-0.9074707,-0.409668,0.6901855,43.9542,-7.007634,25.72519
50,-0.8741455,-0.3574219,0.6274414,44.83969,-5.954198,29.61832
50,-0.7280273,-0.3083496,0.5646973,45.87786,-4.458015,32.39695
50,-0.6018066,-0.2373047,0.439209,45.84733,-0.0610687,31.66412
50,-0.5483398,-0.2165527,0.4078369,35.54198,5.145038,29.17557
50,-0.4865723,-0.2075195,0.3450928,29.12977,10.10687,23.77099
50,-0.4473877,-0.2099609,0.3450928,19.00763,11.0687,19.09924
50,-0.3947754,-0.2053223,0.3137207,12.64122,10.96183,10.41221
50,-0.3642578,-0.1999512,0.2823486,9.526717,10.25954,4.732824
50,-0.3395996,-0.1883545,0.2509766,4.732824,10.29008,-3.633588
50,-0.3309326,-0.1824951,0.2509766,1.145038,10.39695,-8.396947
50,-0.3483887,-0.1837158,0.2509766,-4.931298,11.23664,-14.33588
50,-0.3674316,-0.1878662,0.2509766,-8.366412,10.61069,-16.79389
50,-0.4177246,-0.2150879,0.2823486,-14.51908,11.32824,-19.40458
50,-0.5093994,-0.2739258,0.3450928,-19.09924,14.68702,-21.09924
50,-0.6571045,-0.3426514,0.4078369,-20.76336,16.35114,-20.64122
50,-0.7506104,-0.4050293,0.439209,-23.14504,16.70229,-19.83206
50,-0.9147949,-0.4870605,0.5333252,-22.91603,19.05343,-19.32825
50,-1.071411,-0.5791016,0.5960693,-23.05343,21.70992,-19.17557
50,-1.230591,-0.6472168,0.5960693,-14.16794,13.80153,-15.58779
50,-1.212646,-0.6241455,0.5646973,-6.137404,5.969466,-13.09924
50,-1.122559,-0.4703369,0.3764648,3.496183,5.450382,-8.732824
50,-1.136841,-0.4294434,0.2823486,-2.152672,15.92366,-4.290076
50,-1.211426,-0.4467773,0.2509766,-10.58015,28.19847,10.06107
50,-1.203857,-0.4676514,0.2196045,-14.22901,31.41985,20.19847
50,-1.129883,-0.4541016,0.1882324,-12.56489,33.26717,30.50382
50,-1.07605,-0.4462891,0.1882324,-11.74046,33.22137,34.32061
50,-0.9855957,-0.4156494,0.1568604,-6.335878,30.82443,37.86259
50,-0.9047852,-0.3914795,0.1568604,-2.748092,27.66412,39.54198
50,-0.7818604,-0.3596191,0.1568604,3.465649,23.03817,39.12977
50,-0.7093506,-0.3338623,0.1254883,7.496183,19.58779,37.0229
50,-0.6208496,-0.300415,0.1254883,11.08397,14.51908,32.0458
50,-0.5704346,-0.2896729,0.1254883,11.98473,10.59542,24.8855
50,-0.5584717,-0.2926025,0.1254883,12.01527,7.496183,19.93893
50,-0.5437012,-0.2994385,0.1568604,13.60305,1.251908,13.35878
50,-0.5223389,-0.298584,0.1254883,15.12977,-3.725191,8.946565
50,-0.4667969,-0.2786865,0.1254883,16.59542,-10.33588,1.068702
50,-0.4415283,-0.2661133,0.09411621,15.61832,-10.87023,-5.61832
50,-0.4943848,-0.2683105,0.09411621,12.12214,-3.267176,-16.22901
50,-0.5834961,-0.2979736,0.1254883,8.625955,3.007634,-21.09924
50,-0.720459,-0.3751221,0.1882324,2.732824,6.59542,-24.54962
50,-0.8632813,-0.4677734,0.2196045,-1.328244,8.59542,-24.85496
50,-0.9294434,-0.4946289,0.2196045,-4.030534,10.12214,-31.03817
50,-1.004883,-0.5047607,0.1882324,-8.900764,14.67176,-34.21374
50,-1.143311,-0.5723877,0.2509766,-18.73282,23.05343,-36.90076
50,-1.193237,-0.5844727,0.2823486,-20.51908,14.99237,-32.90076
50,-1.188232,-0.5845947,0.3137207,-22.68702,12.67176,-32.58015
50,-1.103027,-0.5135498,0.3137207,-15.28244,2.732824,-27.70992
50,-1.037354,-0.4827881,0.3450928,-13.17557,-0.7938932,-25.34351
50,-1.072144,-0.482666,0.3764648,-8.122137,3.465649,-21.9542
50,-1.105347,-0.4890137,0.4078369,-3.206107,3.709924,-16.53435
50,-1.118286,-0.4880371,0.4705811,6.549618,2.59542,-5.557252
50,-1.116943,-0.4733887,0.4705811,13.25191,2.916031,2.641221
50,-1.070557,-0.413208,0.439209,21.92366,1.755725,16.01527
50,-0.9960938,-0.3688965,0.4078369,25.17557,-0.7328244,24.94657
50,-0.84021,-0.3083496,0.3450928,26.06107,-4.183206,34.19847
50,-0.7298584,-0.2703857,0.2823486,24.24427,-4.854962,36.19847
50,-0.5858154,-0.2272949,0.2196045,17.87786,-3.40458,32.94656
50,-0.5151367,-0.2092285,0.1882324,12.07634,-1.328244,27.58779
50,-0.4759521,-0.2149658,0.1568604,1.022901,2.824427,16.36641
50,-0.4622803,-0.2227783,0.1568604,-4.824428,3.083969,8.717557
50,-0.4366455,-0.2244873,0.1568604,-10.32061,1.389313,-1.89313
50,-0.4266357,-0.2171631,0.1568604,-12.96183,0.9007633,-8.21374
50,-0.418457,-0.1904297,0.1568604,-15.67939,-0.01526718,-14.59542
50,-0.4494629,-0.1938477,0.1568604,-18.73282,1.709924,-16.9771
50,-0.536377,-0.2255859,0.1882324,-21.37405,3.587786,-15.00763
50,-0.614624,-0.2695313,0.1882324,-22.24427,4.992366,-11.51145
50,-0.7388916,-0.3546143,0.2509766,-20.21374,6.625954,-4.122138
50,-0.8122559,-0.4040527,0.2823486,-17.34351,8.045801,-0.5954198
50,-0.9160156,-0.4627686,0.3137207,-13.60305,10.42748,1.312977
50,-1.06897,-0.5234375,0.3450928,-12.03053,14.27481,-0.8091603
50,-1.194458,-0.567627,0.3764648,-8.244275,17.52672,-0.610687
50,-1.241699,-0.5892334,0.3450928,-3.328244,8.931297,3.679389
50,-1.172363,-0.550415,0.3137207,5.526718,-4.320611,4.671756
50,-1.025269,-0.4311523,0.1568604,11.0229,-8.778625,2.778626
50,-1.03479,-0.4243164,0.09411621,3.282443,0.3053435,-0.8091603
50,-1.113159,-0.4654541,0.09411621,-7.435114,10.24428,-1.465649
50,-1.122681,-0.4854736,0.09411621,-11.46565,11.75572,-0.2748092
50,-1.07959,-0.4595947,0.06274414,-12.41221,11.80153,1.282443
50,-1.052734,-0.4377441,0.06274414,-13.38931,10.27481,3.40458
50,-0.9764404,-0.3829346,0.06274414,-13.60305,1.145038,9.984733
50,-0.8950195,-0.3432617,0.06274414,-14.27481,-6.549618,14.42748
50,-0.7752686,-0.2884521,0.03137207,-15.57252,-13.51145,19.0687
50,-0.7056885,-0.2614746,0.03137207,-18.10687,-23.1145,21.92366
50,-0.6130371,-0.2481689,0.03137207,-20.19847,-28.74809,25.0229
50,-0.5726318,-0.2554932,0.06274414,-22.91603,-33.32824,25.64886
50,-0.543457,-0.2799072,0.06274414,-23.78626,-34.35115,24.80916
50,-0.529541,-0.2958984,0.06274414,-22.0458,-34.62595,23.43511
50,-0.5097656,-0.3187256,0.09411621,-20.01527,-33.86259,19.46565
50,-0.5026855,-0.3164063,0.09411621,-14.87023,-30.64122,15.40458
50,-0.5093994,-0.3122559,0.06274414,-12.39695,-27.92366,9.389313
50,-0.5491943,-0.3248291,0.06274414,-11.43511,-21.22137,4.91603
50,-0.6762695,-0.385498,0.1254883,-13.0687,-14.91603,-0.1984733
50,-0.7630615,-0.4431152,0.1568604,-15.25191,-9.343512,-2.519084
50,-0.8433838,-0.529541,0.1568604,-15.29771,-8.396947,-7.648855
50,-0.8946533,-0.5657959,0.1882324,-13.37405,-2.396947,-13.72519
50,-1.002197,-0.5684814,0.1882324,-10.47328,4.625954,-17.9542
50,-1.128784,-0.5869141,0.2196045,-10.51908,17.83206,-24.13741
50,-1.192505,-0.5878906,0.2823486,-9.969465,16.29008,-20.51908
50,-1.173096,-0.5889893,0.3137207,-10.82443,8.748092,-16.48855
50,-1.090088,-0.526123,0.3450928,-10.54962,2.732824,-16.13741
50,-1.025024,-0.4743652,0.3450928,-14.62595,-7.312977,-17.84733
50,-1.007935,-0.446167,0.3764648,-21.28244,-12.10687,-18.9313
50,-0.9970703,-0.4293213,0.4078369,-28.83969,-23.45038,-17.0229
50,-1.037109,-0.4237061,0.439209,-34.29008,-28.10687,-13.38931
50,-1.071777,-0.4265137,0.4705811,-43.67939,-34.44275,-2.625954
50,-1.07019,-0.4256592,0.5019531,-49.38931,-40.48855,4.992366
50,-1.03833,-0.4190674,0.5019531,-55.64885,-49.34351,23.64886
50,-0.9420166,-0.3946533,0.4705811,-58.79389,-54.62595,38.41221
50,-0.7792969,-0.3455811,0.3450928,-65.23664,-58.0458,51.46565
50,-0.6600342,-0.34021,0.3137207,-68.79389,-51.48092,54.19847
50,-0.6118164,-0.3283691,0.2823486,-68.91603,-48.27481,54.01527
50,-0.5285645,-0.3234863,0.2509766,-65.96947,-44.58015,51.43512
50,-0.4941406,-0.3283691,0.2509766,-61.98473,-41.48092,48.32061
50,-0.4202881,-0.3352051,0.2509766,-52.06107,-36.38168,42.06107
50,-0.3914795,-0.3353271,0.2196045,-42.85496,-31.45038,36.01527
50,-0.3370361,-0.3314209,0.2196045,-28.0916,-21.29771,24.44275
50,-0.3236084,-0.3248291,0.2196045,-13.0229,-10.53435,12.06107
50,-0.317749,-0.3240967,0.2196045,-2.70229,-4.38168,4.38168
50,-0.3208008,-0.3414307,0.2196045,12.38168,6.137404,-7.633588
50,-0.3786621,-0.3760986,0.2509766,22.44275,17.20611,-17.00763
50,-0.5057373,-0.4304199,0.2823486,39.1145,32.65649,-29.17557
50,-0.6033936,-0.4786377,0.2823486,47.51145,41.38931,-37.0687
50,-0.7454834,-0.5789795,0.3450928,56.13741,49.69466,-49.75573
50,-0.8095703,-0.6086426,0.3764648,65.92367,52.62595,-58.39695
50,-1.036011,-0.7191162,0.4705811,71.32825,65.75572,-72.24428
50,-1.13562,-0.743042,0.4705811,85.8168,61.9084,-73.72519
50,-1.083618,-0.7058105,0.439209,94.74809,51.8168,-72.16794
50,-0.9267578,-0.5810547,0.3137207,113.4046,47.20611,-70.01527
50,-0.8852539,-0.4737549,0.1882324,114.1221,66.76336,-73.98473
50,-0.9932861,-0.4978027,0.1882324,98.38168,79.69466,-72.9771
50,-1.103271,-0.5428467,0.2196045,89.49619,80.53435,-66
50,-1.130249,-0.5458984,0.1882324,80.50381,79.26717,-61.43512
50,-1.171143,-0.5355225,0.1882324,73.49619,75.31298,-51.83206
50,-1.183594,-0.5402832,0.1882324,59.8168,70.03053,-42.42748
50,-1.135986,-0.5323486,0.1568604,53.09924,64.70229,-26.90076
50,-1.06543,-0.5115967,0.1568604,47.34351,55.1145,-17.43511
50,-0.9256592,-0.4553223,0.1254883,45.31298,50.77863,-5.175572
50,-0.8309326,-0.413208,0.09411621,42.71756,41.96947,0.9923664
50,-0.7064209,-0.3674316,0.09411621,39.83206,35.63359,7.923664
50,-0.6419678,-0.3509521,0.09411621,37.87786,31.64886,10.68702
50,-0.552124,-0.329834,0.06274414,37.19084,24.45802,13.32824
50,-0.4996338,-0.3129883,0.06274414,37.34351,20.39695,13.81679
50,-0.4454346,-0.2957764,0.03137207,36.71756,15.93893,12.99237
50,-0.427124,-0.2886963,0.03137207,35.77099,13.40458,11.81679
50,-0.423584,-0.2957764,0.03137207,32.27481,9.419847,9.984733
50,-0.4287109,-0.307373,0.03137207,30.24427,6.778626,8.763359
50,-0.4517822,-0.3353271,0.03137207,26.91603,4.351145,6.290076
50,-0.4886475,-0.3653564,0.03137207,23.80153,5.251908,2.946565
50,-0.6264648,-0.4556885,0.06274414,16.18321,11.45038,-4.961832
50,-0.7543945,-0.5218506,0.09411621,12.91603,14.39695,-9.969465
50,-0.901123,-0.5756836,0.09411621,9.374045,13.63359,-14.79389
50,-0.9919434,-0.5963135,0.09411621,6.671756,14.29008,-16.53435
50,-1.157349,-0.6491699,0.1254883,-2.091603,18.44275,-18.48855
50,-1.229004,-0.6943359,0.1882324,-6.473282,13.0229,-16.9771
50,-1.193237,-0.7001953,0.2196045,-10.16794,1.847328,-20.0458
50,-1.075073,-0.602417,0.2509766,-4.290076,-10.56489,-23.25191
50,-0.9831543,-0.4984131,0.2823486,-0.9007633,-13.35878,-24.83969
50,-1.047974,-0.4420166,0.3764648,0.2290076,-6.732824,-20.90076
50,-1.150269,-0.4586182,0.439209,1.770992,-8.442748,-10.70229
50,-1.159668,-0.4732666,0.4705811,6.030534,-15.03817,7.954198
50,-1.136597,-0.4746094,0.4705811,8.870229,-15.57252,16.65649
50,-1.123413,-0.4676514,0.4705811,10.58015,-13.31298,25.81679
50,-1.056274,-0.4492188,0.4705811,11.58779,-14.48855,28.22901
50,-0.9846191,-0.4222412,0.439209,14.9771,-16.27481,34.01527
50,-0.8496094,-0.3529053,0.3764648,17.83206,-17.1145,34.9313
50,-0.765625,-0.305542,0.3137207,18.83969,-15.51145,33.75573
50,-0.6672363,-0.2634277,0.2823486,16.99237,-13.03817,34.25954
50,-0.6081543,-0.2321777,0.2509766,14.68702,-9.984733,27.29771
50,-0.5257568,-0.1826172,0.2196045,12.54962,-8.870229,26.47328
50,-0.4796143,-0.1561279,0.1882324,6.824428,-7.648855,19.57252
50,-0.4375,-0.1345215,0.1568604,1.755725,-5.541985,15.72519
50,-0.4283447,-0.130127,0.1568604,-6.045802,-4.152672,13.78626
50,-0.4295654,-0.1369629,0.1568604,-10.85496,-3.664122,12.61069
50,-0.4349365,-0.1490479,0.1568604,-16.64122,-4.732824,11.38931
50,-0.4255371,-0.1552734,0.1568604,-18.16794,-6.396946,11.08397
50,-0.4234619,-0.1662598,0.1568604,-20.8855,-5.022901,8.656488
50,-0.4530029,-0.1859131,0.1568604,-23.40458,-1.969466,6.167939
50,-0.5314941,-0.2342529,0.2196045,-27.31298,1.755725,1.938931
50,-0.5805664,-0.2645264,0.2196045,-28.73282,1.740458,-0.5801527
50,-0.6696777,-0.3309326,0.2509766,-32.76336,2.21374,-6.641222
50,-0.7207031,-0.3439941,0.2823486,-30.9313,0.9923664,-9.923664
50,-0.8607178,-0.3594971,0.3137207,-28.9771,8.625955,-14.87023
50,-1.100464,-0.4500732,0.3764648,-32.07634,16.10687,-14.67176
50,-1.222412,-0.5141602,0.4078369,-28.07634,-4.610687,-4.167939
50,-1.131836,-0.4541016,0.3450928,-20.25954,-13.49618,-2.335878
50,-1.282593,-0.4567871,0.3450928,-23.58779,5.51145,-10.22901
50,-1.466919,-0.4300537,0.3137207,-23.31298,10.56489,-6.80916
50,-1.509033,-0.4334717,0.3137207,-29.19084,11.51145,6.992366
50,-1.454468,-0.3968506,0.3137207,-28.18321,11.70992,16.03053
50,-1.417114,-0.3636475,0.2823486,-24.51908,15.74046,25.74046
50,-1.302368,-0.2886963,0.2509766,-20.96183,14.91603,28.16794
50,-1.216797,-0.2415771,0.2196045,-18.06107,13.45038,33.8168
50,-1.08374,-0.1706543,0.2196045,-15.43511,11.09924,31.61832
50,-0.982666,-0.1193848,0.2196045,-9.358779,4.396946,36.80916
50,-0.8452148,-0.04943848,0.1882324,-6,0.6717557,38.35115
50,-0.7611084,-0.006347656,0.1568604,-2.717557,-3.40458,39.54198
50,-0.6743164,0.02880859,0.1254883,-4.015267,-3.78626,39.40458
50,-0.6447754,0.03198242,0.09411621,-9.755725,-2.70229,38.16794
50,-0.6638184,0.008544922,0.09411621,-15.23664,-3.877863,36.51908
50,-0.6998291,-0.01501465,0.09411621,-22.50382,0.8396947,36.83969
50,-0.7530518,-0.04455566,0.09411621,-26.58015,3.801527,40.41221
50,-0.7767334,-0.05725098,0.09411621,-32.91603,-0.5954198,43.77099
50,-0.8393555,-0.09130859,0.09411621,-38.67176,1.145038,48.94656
50,-0.8795166,-0.1125488,0.09411621,-45.16031,3.496183,53.43512
50,-0.9130859,-0.1513672,0.1254883,-47.69466,3.114504,59.41985
50,-0.9199219,-0.1776123,0.1254883,-47.75573,1.526718,60.56488
50,-0.9163818,-0.2011719,0.1568604,-45.26717,-0.8091603,56.36641
50,-0.901123,-0.2008057,0.1568604,-39.00763,-2.396947,50.39695
50,-0.8841553,-0.1845703,0.1254883,-33.60305,-2.305344,39.03817
50,-0.8793945,-0.1646729,0.1254883,-26,-1.312977,31.64886
50,-0.890625,-0.1495361,0.09411621,-23.45038,1.633588,19.26718
50,-0.9406738,-0.1662598,0.1254883,-23.51145,4.519084,10.76336
50,-0.9958496,-0.1862793,0.1882324,-20.33588,1.694656,2.732824
50,-1.009644,-0.1864014,0.2196045,-11.40458,-2.061069,-0.3969466
50,-1.016235,-0.1643066,0.2196045,-2.290076,-7.145038,-1.603053
50,-1.005493,-0.1447754,0.2196045,1.709924,-9.206107,-0.7480916
50,-0.975708,-0.1273193,0.1882324,3.389313,-10.59542,0.9770992
50,-0.9458008,-0.1314697,0.2196045,3.312977,-11.43511,1.328244
50,-0.8859863,-0.12854,0.1882324,4.152672,-12.18321,-0.5496183
50,-0.8546143,-0.1209717,0.1882324,3.725191,-11.20611,-3.328244
50,-0.8216553,-0.1241455,0.1882324,0.6564885,-9.557252,-8.229008
50,-0.8140869,-0.144165,0.1882324,-1.129771,-8.916031,-11.52672
50,-0.7962646,-0.1558838,0.2196045,1.923664,-9.633588,-15.22137
50,-0.802124,-0.1518555,0.2196045,2.687023,-8.290076,-17.92366
50,-0.8283691,-0.1429443,0.2196045,2.091603,-6.366412,-18.91603
50,-0.8413086,-0.1359863,0.1882324,0.2900763,-5.679389,-17.37405
50,-0.8566895,-0.1625977,0.2196045,-4.778626,-5.40458,-13.87786
50,-0.8817139,-0.208252,0.2196045,-5.89313,-3.114504,-11.70992
50,-0.8955078,-0.2120361,0.2196045,-3.29771,-2.122137,-10.27481
50,-0.895874,-0.1706543,0.2196045,-2.748092,-3.19084,-7.282443
50,-0.8963623,-0.1645508,0.1882324,-2.931298,-3.603053,-6.259542
50,-0.9057617,-0.1745605,0.2196045,-5.78626,-4.030534,-8.137404
50,-0.9162598,-0.1807861,0.2196045,-5.984733,-4.931298,-10.12214
50,-0.9178467,-0.182373,0.2509766,-6.122138,-8.305344,-11.89313
50,-0.9084473,-0.1845703,0.2509766,-6.183206,-10.47328,-12.06107
50,-0.9020996,-0.1872559,0.2509766,-5.801527,-11.80153,-10.15267
50,-0.9046631,-0.2022705,0.2509766,-6.122138,-11.60305,-7.419847
50,-0.8934326,-0.2186279,0.2509766,-6.366412,-12.25954,-2.290076
50,-0.8814697,-0.2359619,0.2509766,-5.145038,-12,-0.3206107
50,-0.8677979,-0.2333984,0.2509766,-3.419847,-11.98473,0.519084
50,-0.8262939,-0.2070313,0.2509766,-1.51145,-11.83206,1.664122
50,-0.7944336,-0.1881104,0.2509766,-0.8244275,-11.0229,1.709924
50,-0.7625732,-0.1733398,0.2196045,-2.70229,-8.366412,0.04580153
50,-0.7658691,-0.1779785,0.2196045,-5.725191,-5.038168,-2.687023
50,-0.8116455,-0.1955566,0.2509766,-9.053435,-1.679389,-6.21374
50,-0.8342285,-0.2105713,0.2823486,-12.38168,-0.4427481,-6.977099
50,-0.8630371,-0.2414551,0.3137207,-13.57252,-0.4427481,-7.969466
50,-0.8735352,-0.2585449,0.3137207,-11.9084,-1.038168,-7.541985
50,-0.8612061,-0.2618408,0.3137207,-8.167939,-1.053435,-5.51145
50,-0.8690186,-0.2651367,0.3137207,-4.564886,1.908397,-5.29771
50,-0.8752441,-0.2661133,0.3450928,-2.671756,4.946565,-2.80916
50,-0.848877,-0.2524414,0.3137207,1.923664,5.816794,-1.267176
50,-0.8336182,-0.2338867,0.3137207,2.977099,9.541985,-2.335878
50,-0.8366699,-0.2285156,0.2823486,2.580153,11.83206,-3.465649
50,-0.8520508,-0.2158203,0.2823486,2,13.96947,-4.091603
50,-0.8797607,-0.2254639,0.2509766,-2.961832,15.00763,-3.587786
50,-0.9023438,-0.2451172,0.2823486,-5.40458,14.50382,-2.442748
50,-0.9265137,-0.2459717,0.2823486,-6.152672,11.64886,0.259542
50,-0.9281006,-0.2392578,0.2509766,-6.10687,8.290076,2.778626
50,-0.9111328,-0.2406006,0.2509766,-7.068702,3.587786,5.61832
50,-0.8966064,-0.2459717,0.2509766,-6.977099,1.099237,6.824428
50,-0.8779297,-0.2407227,0.2823486,-4.198473,-1.282443,8.045801
50,-0.8696289,-0.2243652,0.2823486,-2.10687,-2.442748,8.59542
50,-0.854126,-0.2036133,0.2509766,0.778626,-3.160305,9.251908
50,-0.8581543,-0.1933594,0.2509766,-0.5954198,-2.305344,8.351145
50,-0.8911133,-0.2058105,0.2823486,-3.541985,-0.6412213,6.839694
50,-0.9133301,-0.2150879,0.2823486,-2.885496,-0.6717557,6.961832
50,-0.909668,-0.2111816,0.2823486,-0.1374046,-3.083969,8.21374
50,-0.9086914,-0.208252,0.2509766,0.01526718,-1.832061,7.08397
50,-0.9447021,-0.2116699,0.2823486,-1.938931,2.458015,4.610687
50,-0.9628906,-0.2081299,0.2823486,-2.122137,3.419847,4.885496
50,-0.9506836,-0.2036133,0.2823486,-1.740458,1.557252,6.870229
50,-0.9277344,-0.203125,0.2509766,-2.412214,0.351145,7.145038
50,-0.9040527,-0.2055664,0.2509766,-4.732824,0.3358779,5.129771
50,-0.9023438,-0.2121582,0.2509766,-7.053435,1.221374,3.114504
50,-0.9356689,-0.2266846,0.2509766,-10.22901,3.587786,1.19084
50,-0.9473877,-0.227417,0.2509766,-10,2.870229,3.557252
50,-0.9332275,-0.2237549,0.2509766,-8.580153,1.450382,8.396947
50,-0.920166,-0.2236328,0.2509766,-6.854962,1.450382,11.17557
50,-0.899292,-0.2188721,0.2823486,-3.175573,2.076336,13.78626
50,-0.8822021,-0.2149658,0.2509766,-0.7328244,2.625954,14.27481
50,-0.8499756,-0.1989746,0.2509766,1.725191,3.480916,13.00763
50,-0.8251953,-0.1877441,0.2196045,1.541985,4.320611,10.68702
50,-0.7956543,-0.1776123,0.2196045,-0.9465649,5.145038,6.045802
50,-0.7811279,-0.1750488,0.2196045,-2.412214,5.480916,2.946565
50,-0.7749023,-0.1761475,0.2196045,-4.152672,4.793893,-0.7938932
50,-0.7640381,-0.1741943,0.2196045,-4.061069,3.145038,-1.89313
50,-0.7458496,-0.1679688,0.1882324,-2.870229,1.740458,-3.007634
50,-0.7387695,-0.1652832,0.1882324,-1.51145,0.6717557,-2.961832
50,-0.7797852,-0.1922607,0.2196045,-1.603053,3.603053,-6.610687
50,-0.8620605,-0.2147217,0.2196045,-1.267176,6.687023,-8.38168
50,-0.9729004,-0.2276611,0.2196045,-0.6870229,7.954198,-6.580153
50,-0.9627686,-0.2081299,0.2196045,1.664122,3.40458,-0.5648855
50,-0.9204102,-0.1914063,0.2196045,4.366412,2.122137,3.694656
50,-0.9324951,-0.1826172,0.2196045,6.641222,3.206107,4.870229
50,-0.9550781,-0.1652832,0.1882324,9.541985,4.534351,7.465649
50,-0.9637451,-0.1513672,0.1882324,9.312977,5.038168,9.343512
50,-0.9403076,-0.1502686,0.1568604,5.877862,4.396946,9.969465
50,-0.9311523,-0.157959,0.1568604,1.89313,4.748092,7.236641
50,-0.9320068,-0.1639404,0.1568604,-3.78626,4.076336,1.587786
50,-0.9407959,-0.1746826,0.1568604,-6.839694,2.122137,-0.7633588
50,-0.9401855,-0.1796875,0.1568604,-9.877863,-1.618321,-1.251908
50,-0.9259033,-0.1872559,0.1568604,-12.36641,-4.854962,0.5801527
50,-0.901123,-0.1994629,0.1568604,-14.53435,-6.38168,1.984733
50,-0.8919678,-0.2095947,0.1568604,-15.51145,-6.091603,1.908397
50,-0.8864746,-0.2174072,0.1882324,-15.41985,-5.206107,1.816794
50,-0.880249,-0.2160645,0.1882324,-15.00763,-4.656488,1.923664
50,-0.8743896,-0.2161865,0.1882324,-14.39695,-3.160305,1.618321
50,-0.8786621,-0.215332,0.1882324,-13.98473,-2.045802,1.29771
50,-0.8812256,-0.2081299,0.2196045,-13.08397,-1.603053,1.847328
50,-0.8793945,-0.2033691,0.2196045,-12.96183,-1.770992,2.366412
50,-0.8867188,-0.1774902,0.2509766,-11.78626,-3.816794,7.526718
50,-0.8869629,-0.175293,0.2509766,-11.14504,-4.015267,7.984733
50,-0.8865967,-0.1727295,0.2509766,-10.16794,-3.206107,8.244275
50,-0.8876953,-0.1697998,0.2509766,-9.770992,-2.305344,8.137404
50,-0.888916,-0.1700439,0.2509766,-9.419847,-0.7022901,7.08397
50,-0.887207,-0.1711426,0.2509766,-9.221375,-0.259542,5.801527
50,-0.8830566,-0.1734619,0.2509766,-9.022901,0.4122137,3.282443
50,-0.8831787,-0.1774902,0.2509766,-9.251908,1.145038,1.496183
50,-0.8914795,-0.1826172,0.2509766,-9.496183,1.89313,-0.4274809
50,-0.8946533,-0.1849365,0.2509766,-9.297709,1.664122,-0.7633588
50,-0.8961182,-0.1877441,0.2509766,-8.748092,1.129771,-0.7175573
50,-0.894165,-0.1883545,0.2196045,-8.519084,0.6564885,-0.2290076
50,-0.8902588,-0.1896973,0.2196045,-8.870229,0.3206107,0.3816794
50,-0.8887939,-0.1931152,0.2196045,-9.312977,0.1984733,0.5496183
50,-0.8928223,-0.1994629,0.2196045,-9.709924,0.04580153,1.236641
50,-0.8864746,-0.1990967,0.2196045,-9.465649,-0.1984733,1.923664
